merchant,category,amt,lat,long,merch_lat,merch_long,hour,day,month,gender,cc_num,is_fraud
Kroger,fuel,869.4,37.5631,-81.2567,37.5424,-81.2534,9,9,7,F,6874353987589981,0
eBay,electronics,260.78,30.0349,-118.7271,30.0749,-118.76639999999999,16,22,8,F,1934578720325115,0
Kroger,fuel,275.05,31.7455,-108.6434,31.7071,-108.6808,1,15,6,F,7947141837528763,0
Shell,pharmacy,338.23,29.5241,-98.7549,29.5633,-98.79260000000001,23,6,5,M,8595135241759706,0
eBay,grocery,841.19,32.4929,-110.3119,32.4799,-110.32549999999999,21,1,11,M,8827147186223424,0
CVS,electronics,839.35,46.5068,-105.5695,46.5148,-105.5844,4,25,11,F,2187190932581488,0
eBay,clothing,321.04,32.0653,-109.4115,32.0647,-109.4246,3,1,12,M,2748669137336327,0
Target,electronics,294.78,44.1495,-69.7125,44.1113,-69.69300000000001,0,13,5,F,8281485291303612,0
Target,pharmacy,273.52,28.6425,-90.6471,28.674699999999998,-90.64179999999999,19,7,3,F,4387419456970060,0
Target,pharmacy,565.96,42.591,-83.4736,42.5811,-83.42500000000001,6,24,6,M,5198944910637984,0
7-Eleven,electronics,222.57,25.3327,-112.3831,25.368199999999998,-112.402,14,17,8,M,3796036586879335,1
Apple Store,fuel,48.12,48.2584,-95.7081,48.2364,-95.7412,15,17,6,F,7527003830949336,0
Apple Store,grocery,640.53,44.5088,-110.6811,44.5474,-110.7273,16,25,1,F,9117825564137664,0
Shell,clothing,813.96,32.2273,-111.6181,32.2147,-111.5927,4,13,2,F,1478277588031578,0
Apple Store,fuel,733.12,40.5648,-104.9506,40.5312,-104.9433,0,10,4,F,2165631259728538,0
Apple Store,pharmacy,251.29,40.8968,-112.4507,40.8618,-112.4601,16,17,11,F,2651971011892990,1
Apple Store,grocery,129.95,29.4716,-99.5903,29.4596,-99.5447,13,24,9,F,4186727437149367,0
Target,convenience,477.0,39.7432,-72.5725,39.7531,-72.61250000000001,16,10,1,F,2740535017965407,0
CVS,grocery,617.69,36.6135,-83.3247,36.6209,-83.2844,15,16,1,F,5274479838851151,1
eBay,convenience,663.26,34.2455,-115.3666,34.2037,-115.3369,18,14,4,M,7962395955223776,0
Best Buy,electronics,998.19,44.6351,-111.3112,44.600500000000004,-111.3026,2,14,10,M,2082668120416582,0
eBay,fuel,109.83,26.379,-70.7911,26.337200000000003,-70.7859,0,4,1,F,4578257972326736,0
Walmart,convenience,788.01,27.2463,-114.0542,27.2661,-114.04889999999999,17,11,10,M,2656886790296684,0
eBay,fuel,225.45,36.9581,-83.4111,36.979600000000005,-83.396,3,6,2,M,2357730220645308,1
Best Buy,convenience,362.09,47.6951,-110.4376,47.6746,-110.41,13,8,7,M,2375187472799957,1
7-Eleven,electronics,610.68,42.0337,-80.3568,41.9891,-80.3926,4,20,11,M,3853296742084186,0
Best Buy,electronics,886.38,45.7478,-98.8186,45.784,-98.8413,10,5,4,F,5920224320860353,0
7-Eleven,clothing,775.5,43.9882,-124.6878,43.9706,-124.6412,13,29,9,F,5611746749410338,0
Amazon,pharmacy,324.88,29.7898,-99.5037,29.7968,-99.45989999999999,10,27,4,F,2807732505458578,0
Amazon,fuel,88.06,27.3612,-90.5411,27.3841,-90.5901,5,14,7,F,9821572349355791,1
Shell,pharmacy,922.23,46.4833,-115.1192,46.5182,-115.1294,1,26,2,M,8667809106718917,0
7-Eleven,convenience,917.52,35.5666,-107.877,35.568400000000004,-107.8808,14,29,7,F,6902572353040761,0
Kroger,clothing,500.77,40.3052,-80.3694,40.261,-80.3977,16,30,10,M,5396615715346856,0
CVS,convenience,613.13,26.862,-99.8663,26.8315,-99.8911,9,20,12,M,8950947340569572,0
eBay,fuel,160.09,47.1773,-84.4148,47.194300000000005,-84.4403,18,22,9,F,1902972486683817,0
Shell,convenience,35.44,28.5235,-122.4588,28.492099999999997,-122.4192,15,4,7,F,7676388708567379,0
eBay,electronics,20.0,37.6616,-91.3414,37.6716,-91.36609999999999,13,25,12,F,3684566214279916,0
CVS,pharmacy,36.35,38.4087,-70.2181,38.4164,-70.24310000000001,12,31,2,F,7787517499886359,0
Walmart,fuel,921.5,41.0788,-101.4335,41.0771,-101.4366,9,1,12,M,7967318977825202,0
Apple Store,grocery,651.44,43.8278,-77.0878,43.854400000000005,-77.122,8,16,12,M,7682618241191024,0
7-Eleven,convenience,212.5,43.3428,-89.1532,43.339999999999996,-89.1259,14,5,5,M,1323256487868979,0
eBay,clothing,627.27,43.1227,-85.1201,43.1467,-85.0975,21,19,1,F,5790365301667893,0
7-Eleven,clothing,173.09,27.5884,-123.0983,27.6004,-123.1348,19,22,12,M,1828734657160180,0
eBay,clothing,876.62,26.8266,-101.5545,26.8708,-101.5699,15,18,7,F,4605714176908461,0
7-Eleven,fuel,437.01,48.2243,-72.8882,48.2694,-72.9222,22,4,8,F,6690705736695757,0
Target,fuel,682.82,43.4204,-104.5568,43.3999,-104.52019999999999,1,28,12,M,3498889674610024,1
eBay,grocery,469.12,39.8043,-101.292,39.811099999999996,-101.2866,6,29,9,F,1697451491512853,0
7-Eleven,pharmacy,560.52,31.1525,-115.5195,31.1408,-115.5105,7,17,1,M,4555910905675287,0
Apple Store,pharmacy,63.58,26.6336,-108.9925,26.626,-108.99390000000001,23,10,4,M,3136550159351099,0
CVS,convenience,26.56,29.0256,-107.3824,29.0375,-107.429,19,23,2,F,8644848812866263,0
CVS,pharmacy,977.49,35.1449,-102.698,35.1822,-102.6592,17,25,12,M,6184984494395325,0
Best Buy,electronics,762.76,36.9148,-110.1002,36.8733,-110.0772,22,20,2,M,3895540391928378,0
CVS,clothing,535.25,48.3906,-121.6188,48.410399999999996,-121.6107,11,19,3,F,3796555253622396,0
Shell,electronics,889.99,36.2211,-93.0317,36.2647,-93.0607,9,30,11,F,7433912672467424,0
Apple Store,convenience,158.9,33.0198,-116.2802,33.04109999999999,-116.33,15,2,3,F,4264871665644619,0
eBay,clothing,139.45,44.3373,-104.2753,44.3526,-104.27720000000001,19,3,4,F,6801758347846750,0
Amazon,electronics,537.76,39.5972,-81.3652,39.6118,-81.3625,23,1,4,F,9347391980118099,1
eBay,clothing,623.23,26.6334,-118.143,26.6121,-118.1901,5,2,7,F,8069005607892247,0
7-Eleven,pharmacy,963.63,43.4137,-90.1749,43.3906,-90.1531,12,1,11,M,8136216582023654,1
Best Buy,clothing,213.17,37.6514,-112.1823,37.6862,-112.2052,1,6,10,M,6922222142828994,0
Best Buy,grocery,632.52,33.8649,-107.9728,33.8801,-107.9368,10,30,6,M,4959680231977878,0
Walmart,fuel,111.86,34.139,-84.925,34.1863,-84.9616,15,10,10,M,2578802832535416,0
Walmart,convenience,599.61,41.4213,-81.6141,41.3828,-81.61359999999999,8,30,4,F,1663834372230334,0
Target,clothing,48.54,40.0185,-116.866,40.000800000000005,-116.8411,11,12,10,M,4354416138657085,0
Kroger,clothing,37.98,40.6446,-95.5215,40.619,-95.54180000000001,11,22,12,F,4401137773127763,0
CVS,fuel,541.66,36.3395,-78.8905,36.364000000000004,-78.8497,1,28,6,F,4297281833911537,0
7-Eleven,convenience,136.22,27.3448,-100.0943,27.3616,-100.1372,17,4,9,F,9558159361587723,0
Best Buy,electronics,100.14,31.5319,-104.4077,31.5125,-104.3639,21,29,12,F,6814225119071182,0
CVS,grocery,138.21,48.4559,-102.9412,48.4597,-102.98079999999999,1,4,6,M,6721974337914168,0
Walmart,convenience,448.53,40.5767,-71.3232,40.5415,-71.2817,11,4,4,M,4802500260464320,0
7-Eleven,convenience,685.79,37.7348,-85.3082,37.7609,-85.29599999999999,19,14,1,M,1742748926455014,0
Best Buy,fuel,188.63,35.9849,-97.8429,35.9742,-97.8215,12,18,3,M,2765409632606474,1
Amazon,clothing,973.18,38.3073,-81.356,38.3414,-81.3732,23,27,6,M,3215364643916253,0
Apple Store,grocery,897.3,37.719,-118.9019,37.6856,-118.9469,0,30,7,M,3422862047986739,0
Best Buy,clothing,27.9,31.2096,-118.3083,31.2018,-118.33,22,15,1,M,4609965221392368,0
Shell,grocery,501.78,34.47,-109.0257,34.4949,-109.0093,21,30,11,F,3723414383005451,0
CVS,convenience,96.84,26.8529,-88.5065,26.890600000000003,-88.4935,4,22,6,F,8430739607346031,0
Amazon,convenience,478.28,40.168,-80.9295,40.1286,-80.88040000000001,16,3,7,M,8323382509647073,0
Apple Store,clothing,169.85,46.6171,-77.1056,46.620200000000004,-77.112,17,31,11,F,7536713753143424,1
Target,electronics,818.58,28.0603,-68.7902,28.079,-68.8326,23,20,1,F,6579540124966571,0
Apple Store,clothing,833.3,33.2338,-87.6475,33.2492,-87.66199999999999,21,25,1,M,5599844491759804,0
eBay,grocery,190.59,37.9421,-86.9854,37.9767,-87.0288,1,6,10,F,1598894437696864,0
Kroger,pharmacy,916.87,46.514,-93.7976,46.4714,-93.74980000000001,12,17,4,F,6635641166895775,0
Target,fuel,20.11,47.2113,-81.8793,47.1826,-81.8737,18,1,12,F,3607787314570253,0
Amazon,pharmacy,594.44,28.1478,-98.7601,28.1027,-98.8074,0,25,4,M,9308314453686217,0
eBay,grocery,154.24,39.5878,-68.455,39.5552,-68.4386,20,12,3,M,1004933532342464,0
Apple Store,clothing,206.68,35.7703,-115.1394,35.7933,-115.1138,14,20,4,M,7486549206439633,0
CVS,grocery,212.42,32.6411,-84.4041,32.6623,-84.3558,8,2,3,F,2329266750983285,0
Shell,convenience,997.77,34.2552,-92.0145,34.2297,-92.0107,15,23,4,F,7816440548001721,0
Apple Store,electronics,573.57,40.9437,-88.7639,40.9813,-88.7296,5,5,3,F,5622047220466320,0
Shell,pharmacy,637.56,39.37,-81.014,39.356899999999996,-81.0362,5,5,8,M,2695182543147409,0
Apple Store,convenience,28.87,32.1718,-66.9276,32.186699999999995,-66.9464,1,4,5,F,7697597450946345,0
Walmart,convenience,851.77,42.0726,-95.4625,42.0584,-95.4131,13,4,4,F,7648917829769926,0
CVS,fuel,610.93,35.0163,-112.6256,35.0112,-112.6704,4,12,10,F,7647558363129448,0
7-Eleven,electronics,804.41,37.5746,-95.9158,37.54559999999999,-95.891,16,16,8,M,2609151928571181,0
Apple Store,convenience,451.17,28.109,-114.794,28.0756,-114.83359999999999,17,4,12,F,5110867940213861,0
CVS,electronics,724.98,34.1881,-92.8835,34.1523,-92.9213,19,12,11,F,8238813731691305,0
Amazon,electronics,521.75,38.156,-81.6965,38.2036,-81.7126,21,27,10,M,6178921773119887,0
eBay,convenience,359.17,26.6735,-78.3173,26.6341,-78.2936,18,12,12,M,9353031030177550,0
Best Buy,electronics,738.48,29.802,-109.444,29.8375,-109.3957,8,31,6,M,1549478232532742,0
CVS,convenience,407.72,41.7044,-107.7686,41.6781,-107.7356,19,25,5,M,6915278192080482,1
Walmart,clothing,944.21,31.0727,-73.2577,31.0496,-73.227,8,1,11,M,1251944222093762,0
Target,electronics,810.64,48.0978,-115.5922,48.116,-115.5946,5,3,4,M,7281403553746789,1
Target,pharmacy,390.17,32.9231,-75.0396,32.946999999999996,-75.01379999999999,19,4,7,M,4179410744847663,1
Best Buy,pharmacy,883.61,43.152,-90.834,43.1845,-90.8505,1,28,3,F,2428819851406815,0
CVS,convenience,875.89,42.0675,-110.9773,42.0963,-110.9782,8,23,7,F,9522924688080477,0
Amazon,convenience,191.13,33.0816,-86.7714,33.0867,-86.8046,9,27,4,F,7824032412389488,0
Amazon,grocery,757.05,46.0324,-117.15,46.076,-117.1264,11,7,1,M,8971941257179113,0
Target,grocery,450.14,36.3444,-114.573,36.3262,-114.58009999999999,0,25,10,F,6534182260922098,0
Shell,electronics,73.41,34.4829,-92.3426,34.4863,-92.3341,19,10,8,M,7886992385798319,0
Walmart,electronics,43.08,43.3939,-110.6414,43.367200000000004,-110.68820000000001,1,5,12,F,2419861998789974,0
Walmart,fuel,939.07,25.6755,-116.8816,25.63,-116.9088,19,3,6,F,6308353026276831,0
Target,fuel,858.72,37.6124,-103.5099,37.5733,-103.5254,2,30,3,M,9451841191913270,0
Kroger,electronics,487.27,40.1055,-98.3683,40.1119,-98.34,4,27,9,M,8769662429892811,0
7-Eleven,fuel,481.69,38.1576,-77.1643,38.2058,-77.1569,16,6,12,M,8417570539869887,0
Apple Store,clothing,514.74,48.7488,-71.5974,48.7648,-71.6099,0,29,5,M,5525270170851163,0
Walmart,fuel,302.31,42.8972,-96.9404,42.9445,-96.9324,18,11,10,M,9434019221925133,0
Kroger,clothing,535.81,35.0758,-103.8682,35.0775,-103.906,12,11,1,M,6978460213264729,0
7-Eleven,clothing,706.62,27.1948,-81.2872,27.1451,-81.3361,1,30,6,M,9749962315596939,0
Target,convenience,169.32,25.2663,-74.4788,25.247400000000003,-74.436,3,12,2,M,2529350752836286,0
Apple Store,fuel,397.85,31.1154,-86.4246,31.157,-86.3908,18,17,12,M,3712054568414861,0
Shell,grocery,399.69,40.0495,-103.193,40.013200000000005,-103.1716,19,10,8,F,8283465480625187,0
Amazon,grocery,238.94,29.3683,-87.4514,29.3442,-87.48740000000001,11,27,11,F,8845759277851168,0
CVS,grocery,631.15,33.5207,-85.2563,33.512299999999996,-85.20729999999999,18,20,9,M,5055758260742413,0
7-Eleven,electronics,409.04,29.6627,-80.9422,29.621000000000002,-80.971,10,9,1,F,2740706725955606,0
Apple Store,electronics,382.37,39.1298,-80.0766,39.1477,-80.0818,16,9,10,F,5676094678885512,0
Best Buy,convenience,934.48,25.0261,-84.3281,25.0335,-84.308,15,19,6,F,2533357198730923,0
7-Eleven,grocery,277.79,47.3772,-73.486,47.335300000000004,-73.4555,6,2,4,M,8025927786919153,0
Kroger,grocery,220.28,29.2888,-110.1608,29.2627,-110.1193,2,19,7,F,1677875227474657,0
Shell,fuel,43.56,36.4886,-74.637,36.458,-74.651,15,23,2,F,3694618110369766,0
Apple Store,clothing,760.58,43.1251,-90.5415,43.1107,-90.5264,13,9,8,F,7739897248414691,0
CVS,pharmacy,17.74,44.1791,-83.6249,44.219,-83.5873,1,7,7,M,8596168850094107,0
Shell,pharmacy,482.03,28.587,-112.5376,28.6039,-112.49589999999999,1,23,10,M,6635105103658569,0
Best Buy,grocery,255.12,41.3556,-85.6798,41.385600000000004,-85.728,17,15,3,M,9119811059865388,0
7-Eleven,clothing,10.53,30.7408,-109.2742,30.7001,-109.30059999999999,10,25,6,F,8968013174106543,0
Apple Store,grocery,685.14,25.7161,-77.3909,25.7206,-77.4385,0,30,4,M,7989276112968328,0
Walmart,pharmacy,902.01,46.0651,-66.4977,46.0825,-66.46809999999999,5,9,2,M,5633815863887829,1
Shell,grocery,702.65,47.0876,-112.8522,47.0593,-112.80969999999999,20,12,9,M,5743286370919544,0
Shell,pharmacy,943.35,33.2935,-90.6576,33.2483,-90.6898,3,9,3,F,7333702151027973,0
eBay,electronics,593.38,40.6975,-84.8503,40.6522,-84.848,13,31,9,F,6526411504112200,0
Kroger,grocery,634.88,38.9398,-80.3345,38.916599999999995,-80.3331,5,31,4,F,1608909503396047,0
eBay,pharmacy,250.9,44.5125,-98.5502,44.533300000000004,-98.5351,16,10,3,F,4497364409928299,0
Best Buy,clothing,143.38,34.5037,-114.4761,34.523700000000005,-114.4277,14,11,11,M,3430980111597939,0
7-Eleven,convenience,381.64,38.6458,-90.4435,38.6787,-90.4509,18,13,6,F,2632702432340019,0
Walmart,electronics,879.42,35.8953,-106.042,35.9324,-106.0185,20,28,2,M,1839998939694438,0
Amazon,clothing,169.75,25.3946,-124.6074,25.3781,-124.6302,7,4,4,M,8493081473710995,0
eBay,electronics,35.16,35.3846,-109.1512,35.4233,-109.1536,14,1,8,M,1994626353387307,0
Best Buy,convenience,864.79,45.5384,-117.463,45.544900000000005,-117.49799999999999,9,9,4,F,1833310853954906,0
eBay,grocery,630.44,26.1469,-80.55,26.1677,-80.5902,1,5,4,M,3793110262853494,0
Amazon,grocery,113.21,41.2688,-89.174,41.2367,-89.1864,14,23,7,M,9484492051911702,1
Amazon,electronics,457.29,28.4333,-123.0506,28.4592,-123.0124,15,1,5,M,6490798317510894,0
Best Buy,grocery,487.88,42.6452,-92.9402,42.6499,-92.9501,3,9,2,F,7195186041128000,0
Amazon,clothing,463.23,35.3878,-84.5455,35.370599999999996,-84.5553,20,14,4,F,3322441509874453,0
Apple Store,convenience,384.91,32.3575,-68.9662,32.371900000000004,-68.9377,9,20,9,M,2190069891826796,0
Kroger,pharmacy,605.77,39.3646,-90.9205,39.3874,-90.9401,21,9,3,M,6217574454714278,0
CVS,clothing,75.03,48.8063,-118.43,48.7761,-118.38090000000001,1,13,6,F,3713442559372324,0
Target,fuel,815.5,36.4515,-106.3948,36.4065,-106.4128,3,9,12,F,3702129157444300,0
Walmart,clothing,791.11,39.7001,-90.3322,39.6745,-90.3576,2,10,7,F,4036158141362278,0
CVS,pharmacy,962.34,31.846,-123.7928,31.8016,-123.8211,7,27,5,F,3190481085090362,0
Amazon,clothing,116.68,27.2925,-88.5067,27.2818,-88.5302,10,21,4,F,8256596710070455,0
eBay,electronics,275.79,25.8152,-121.1467,25.862000000000002,-121.1096,13,17,5,M,2585311946768786,0
Target,convenience,211.05,40.1462,-114.966,40.1316,-114.97699999999999,10,2,10,F,6427477829220182,0
Amazon,electronics,598.48,27.4785,-82.0319,27.4566,-81.99799999999999,20,19,2,F,4002746416878920,0
Kroger,convenience,844.82,25.691,-110.3094,25.704,-110.33489999999999,3,8,10,F,7783465350914819,1
Target,fuel,771.09,32.442,-100.0933,32.4834,-100.0533,6,12,12,M,5024417674680412,0
Apple Store,pharmacy,726.04,45.1178,-83.1027,45.1555,-83.0907,10,30,4,M,9587203046773097,0
eBay,fuel,41.78,32.8888,-101.7478,32.9339,-101.70909999999999,18,20,8,F,7324993206363473,0
Target,convenience,79.46,40.654,-122.6034,40.7002,-122.63319999999999,15,14,11,M,4922657460218701,0
Apple Store,clothing,141.71,28.3753,-99.6356,28.3456,-99.6418,17,2,8,M,9498337331042542,0
Target,clothing,850.76,30.6087,-95.9912,30.6439,-96.0391,6,9,2,M,3791852984326765,0
Amazon,electronics,309.19,43.1381,-98.3825,43.1225,-98.3796,17,19,1,F,2074927116703019,0
Best Buy,clothing,84.95,38.2008,-114.6301,38.179700000000004,-114.6137,6,8,8,M,4847895643220675,0
7-Eleven,electronics,930.05,30.7492,-103.8695,30.726599999999998,-103.8967,16,10,6,F,8806090838317708,0
Target,clothing,931.68,40.8741,-114.3407,40.825199999999995,-114.2924,7,4,6,F,4198472707528303,0
7-Eleven,clothing,976.83,32.5066,-114.0635,32.554899999999996,-114.02940000000001,17,24,2,M,8815133976704016,0
Kroger,pharmacy,17.12,42.2573,-89.6055,42.2145,-89.56790000000001,14,31,4,F,4311177607692704,0
Best Buy,clothing,389.83,30.5431,-81.5076,30.520699999999998,-81.5249,0,16,4,M,1572730013467618,0
eBay,grocery,93.59,38.5137,-93.932,38.5525,-93.9327,13,10,10,M,8653043434972259,0
Apple Store,fuel,156.51,33.3428,-97.4053,33.3619,-97.3969,7,29,3,F,6675634804139103,0
CVS,fuel,812.37,42.5315,-123.6124,42.4971,-123.64229999999999,4,24,2,M,1674516173139586,0
CVS,electronics,172.85,45.7154,-81.598,45.6755,-81.6133,16,3,2,M,6949761805344672,0
Apple Store,pharmacy,421.34,28.4021,-105.0082,28.4496,-105.0035,6,29,12,F,8647806902057461,0
7-Eleven,convenience,979.61,29.2042,-66.6907,29.2362,-66.70330000000001,7,19,11,M,4547173087130151,0
Shell,fuel,404.02,48.4628,-83.1914,48.4871,-83.1721,21,22,4,M,4977642363170714,1
CVS,electronics,345.71,45.5096,-76.1769,45.5073,-76.17020000000001,12,11,11,M,2671019596323947,0
eBay,convenience,919.7,26.3446,-91.1443,26.305,-91.1393,7,31,3,F,1627466084138069,0
Apple Store,clothing,405.0,28.2595,-121.1301,28.2977,-121.13289999999999,9,14,7,M,2005913956131022,0
Target,convenience,625.14,36.5554,-114.0364,36.5263,-114.0056,0,10,3,F,8978396166114809,0
CVS,convenience,596.06,47.1058,-116.9247,47.062400000000004,-116.96170000000001,10,10,11,F,7368168268646365,1
Shell,grocery,392.86,30.4445,-78.0742,30.396700000000003,-78.05470000000001,1,20,3,F,7346735084213179,0
Amazon,pharmacy,213.07,28.3837,-66.1099,28.334400000000002,-66.1351,23,7,6,M,9737465756801145,0
7-Eleven,convenience,255.7,47.361,-107.7785,47.3994,-107.7581,3,1,12,F,9728594453358011,0
Apple Store,clothing,318.26,46.3322,-124.3675,46.3364,-124.3589,0,15,3,M,5288655612533178,1
Walmart,electronics,866.87,30.1465,-112.7265,30.1284,-112.7751,8,15,3,F,9957532093209950,1
eBay,grocery,744.92,47.8942,-85.7063,47.8938,-85.6815,0,27,5,F,7496881542222942,1
7-Eleven,grocery,8.26,40.5875,-93.5181,40.6318,-93.51780000000001,1,22,12,M,2751057534580388,0
Amazon,fuel,719.31,25.4777,-69.667,25.4345,-69.6932,12,14,8,M,1138904595294493,0
CVS,grocery,48.52,25.9392,-90.0043,25.9762,-90.0392,3,16,1,F,9381903201367523,0
Apple Store,electronics,529.06,47.1091,-88.5535,47.1233,-88.5371,3,23,7,F,4045166275680476,0
Amazon,fuel,636.15,30.6558,-104.4642,30.6708,-104.43480000000001,12,21,2,F,8258509795473766,0
Amazon,electronics,116.42,37.0278,-103.7157,37.0602,-103.7273,16,6,2,M,4137673952394451,0
eBay,fuel,652.8,29.1428,-124.5794,29.147100000000002,-124.55690000000001,10,24,2,F,3519452573249535,0
CVS,pharmacy,142.5,40.7261,-102.9174,40.684000000000005,-102.9643,3,29,12,M,2759906517191384,0
Target,pharmacy,854.7,28.8365,-108.1753,28.843500000000002,-108.1361,15,23,12,M,2083426404599577,0
Best Buy,clothing,948.3,26.7155,-112.3319,26.6783,-112.3426,13,8,10,F,9421258243322430,0
Apple Store,grocery,889.4,41.9196,-88.6849,41.9416,-88.6726,16,13,8,F,2223632090564611,0
Best Buy,fuel,816.17,37.6947,-78.5033,37.673199999999994,-78.464,11,8,2,M,6098018799486761,0
Amazon,convenience,253.94,37.3897,-106.2092,37.428999999999995,-106.255,21,21,1,M,2021502454014506,1
CVS,pharmacy,598.82,47.9709,-117.6778,47.994,-117.7183,7,9,6,F,2947347715386065,0
7-Eleven,convenience,433.9,35.0391,-69.3094,35.047999999999995,-69.3376,21,16,9,M,6047341392455051,0
eBay,grocery,876.21,47.8191,-76.8573,47.7937,-76.8484,6,18,10,M,3415318412516979,0
Kroger,electronics,13.56,27.5559,-90.1101,27.584600000000002,-90.1345,20,6,8,F,2617933967157649,0
Best Buy,electronics,600.26,26.9196,-111.2083,26.8889,-111.1687,15,9,12,M,6345071775561406,0
Kroger,electronics,933.67,36.493,-122.106,36.5123,-122.1228,3,23,11,F,9280945805232137,0
7-Eleven,clothing,546.6,41.7763,-106.3124,41.8246,-106.2885,10,23,6,M,5384444997979526,0
Amazon,grocery,459.99,44.7917,-74.5322,44.8234,-74.5776,8,8,4,M,1447961735061555,0
Amazon,fuel,685.62,31.109,-96.715,31.1458,-96.6936,9,25,9,F,1546631162059587,0
CVS,grocery,371.44,47.9884,-104.2564,48.0316,-104.2534,4,12,5,F,6842646351506480,0
Apple Store,grocery,466.62,42.0852,-76.1734,42.0488,-76.2095,22,2,1,F,1924558719485829,0
Target,pharmacy,588.92,26.7326,-91.5759,26.7196,-91.6145,0,25,12,F,9667239074078577,0
Target,clothing,904.52,26.5389,-81.2562,26.496100000000002,-81.2124,13,30,10,M,7111468505909503,0
Kroger,pharmacy,460.84,38.7275,-68.665,38.7631,-68.6436,15,9,4,M,5039238968945606,0
Target,electronics,35.01,32.644,-119.4426,32.6819,-119.4346,8,14,4,F,2015200276320534,0
Best Buy,convenience,269.88,29.7707,-106.6514,29.7846,-106.6519,18,14,3,F,6985913270925149,0
Shell,convenience,606.8,44.3069,-90.5756,44.3062,-90.5903,4,4,7,M,2224381529885252,0
CVS,clothing,509.66,41.3021,-101.8567,41.257600000000004,-101.84150000000001,11,6,3,F,2843090391398867,0
Walmart,clothing,729.92,26.4246,-73.2914,26.4479,-73.3252,17,11,10,F,4543905106887990,0
CVS,electronics,419.55,27.5291,-91.6424,27.5632,-91.5955,16,8,6,F,8943195021489429,0
eBay,fuel,332.92,36.4689,-68.2411,36.4726,-68.1964,21,11,1,F,7063129263326589,0
eBay,grocery,713.46,43.4749,-119.0873,43.473299999999995,-119.0996,1,22,9,F,8135327163482492,0
Amazon,electronics,844.87,33.6329,-122.3801,33.5952,-122.3687,19,10,6,F,9888052260317488,0
Best Buy,pharmacy,640.37,41.0504,-67.2641,41.0698,-67.3138,13,5,10,F,1309182178784489,0
Shell,grocery,391.36,48.4978,-75.2963,48.4721,-75.3449,5,7,4,M,6710322983917593,0
Apple Store,clothing,143.04,27.1559,-92.8966,27.110599999999998,-92.88950000000001,3,16,6,F,3568808556597754,1
Walmart,fuel,377.66,38.8569,-122.6682,38.847500000000004,-122.6242,6,22,3,F,6971811517179127,0
Walmart,fuel,380.21,43.2002,-115.14,43.2252,-115.1644,23,9,3,F,1762168615256741,0
Target,fuel,201.53,31.1428,-83.2753,31.1339,-83.2841,5,21,2,M,1552366875477607,0
Best Buy,convenience,111.02,26.6971,-94.4902,26.6696,-94.4604,11,22,6,F,1160360696833763,0
Shell,grocery,919.61,46.1064,-69.8185,46.152300000000004,-69.8629,16,4,7,M,8631241853847873,0
Kroger,grocery,48.73,29.9524,-71.3617,29.9893,-71.3319,13,17,6,M,1286968379666556,0
Amazon,pharmacy,834.81,28.9446,-88.6859,28.971500000000002,-88.6735,20,9,3,M,4316486561420455,0
Amazon,electronics,808.61,34.9894,-113.216,35.010200000000005,-113.1828,7,5,3,F,6823250977894431,0
Target,electronics,145.97,38.2325,-120.9131,38.272400000000005,-120.8783,19,18,11,M,6096163882705490,0
Target,grocery,76.83,38.1187,-93.7413,38.119299999999996,-93.72,12,9,8,F,7170002555861558,0
7-Eleven,grocery,978.03,43.0095,-109.4846,43.055600000000005,-109.4746,6,23,3,M,8631776041026440,0
Walmart,grocery,821.02,37.4394,-104.4867,37.4039,-104.4463,17,20,12,M,8810236035418477,0
Walmart,fuel,41.96,42.9815,-110.324,42.9751,-110.3245,16,9,10,F,7312330210262135,1
eBay,clothing,289.39,33.3145,-85.4004,33.2978,-85.427,0,5,3,F,9427395393444168,0
Kroger,convenience,266.53,41.6272,-108.5215,41.6586,-108.5686,11,26,9,F,9148717021539393,0
Best Buy,convenience,705.59,30.2638,-104.7631,30.225,-104.765,10,9,1,F,2125661202378043,0
CVS,grocery,251.06,26.3166,-84.1688,26.3292,-84.1564,23,18,11,F,3952519129752677,0
Amazon,convenience,553.97,32.2559,-73.3098,32.248999999999995,-73.3424,17,26,2,F,1002072579046463,0
7-Eleven,grocery,955.61,45.4038,-123.3968,45.410599999999995,-123.3945,12,1,12,F,2831544582064213,0
eBay,pharmacy,56.6,48.3984,-114.2422,48.4033,-114.27759999999999,13,28,2,M,9347081245227413,0
eBay,convenience,412.44,41.3013,-80.0689,41.301199999999994,-80.0347,4,5,9,M,8467232508236087,0
Best Buy,electronics,991.83,35.9038,-73.5709,35.8878,-73.61049999999999,14,2,5,M,9410976030950892,0
eBay,grocery,859.95,26.169,-119.9896,26.2122,-120.0149,23,25,11,F,5481824683180507,0
Amazon,grocery,649.01,30.5043,-116.4697,30.4812,-116.4317,1,11,5,M,3155083183035893,0
Best Buy,pharmacy,612.51,32.4675,-84.6916,32.5068,-84.66329999999999,10,8,1,M,2293739806733541,0
eBay,pharmacy,537.94,34.5383,-80.3515,34.5223,-80.3425,7,23,10,M,9646615437335688,0
Amazon,clothing,127.82,35.0471,-82.4589,35.059,-82.5015,21,26,1,M,4831779522564317,0
CVS,grocery,489.92,48.1852,-113.2746,48.2032,-113.25670000000001,17,31,11,F,7167232949179625,0
7-Eleven,convenience,426.76,39.4914,-98.6696,39.5241,-98.6808,21,5,6,F,2107800928299785,0
CVS,electronics,97.32,27.6024,-123.0369,27.6272,-123.0791,2,8,11,M,7752861319220558,0
Shell,convenience,42.79,26.7672,-111.7405,26.773799999999998,-111.72829999999999,5,15,3,M,3823936399163525,0
Walmart,grocery,336.04,26.8643,-80.0884,26.8958,-80.0645,23,10,10,F,9889480080888997,0
Target,electronics,188.8,41.522,-108.9183,41.5687,-108.9226,14,24,2,F,9139800108034668,0
Walmart,fuel,756.89,32.2424,-117.8532,32.2013,-117.8102,14,24,11,M,2917097161775792,0
Kroger,fuel,695.35,27.8193,-124.124,27.853099999999998,-124.0954,8,19,7,F,3653963974892145,0
Apple Store,pharmacy,736.45,32.1463,-100.9257,32.172999999999995,-100.94420000000001,1,8,10,F,6308714096306998,0
Target,clothing,986.91,25.2604,-90.6403,25.2137,-90.6124,14,13,11,F,8828942578050362,0
Amazon,pharmacy,316.15,33.72,-98.2631,33.737,-98.2315,2,31,7,M,3860588332343425,0
Best Buy,fuel,389.8,33.6085,-122.6046,33.5651,-122.6455,5,18,12,F,3375138528095851,0
Amazon,clothing,867.32,25.0107,-87.2499,24.9666,-87.2166,16,29,3,M,9598195760145649,0
7-Eleven,pharmacy,734.47,48.5251,-92.37,48.5247,-92.4123,17,17,6,M,1918435754947567,0
Walmart,electronics,702.84,32.0536,-75.5094,32.054700000000004,-75.4615,2,25,3,F,5895904238478536,0
CVS,pharmacy,872.12,48.922,-122.9772,48.917899999999996,-123.01689999999999,16,31,2,F,7262610629579835,0
7-Eleven,clothing,44.67,46.8941,-103.9528,46.8923,-104.0004,3,10,9,M,8459995044463931,0
Walmart,clothing,869.84,45.1808,-121.5191,45.1573,-121.54419999999999,0,2,2,M,9017115668079659,0
Amazon,clothing,725.43,48.3373,-97.7625,48.3014,-97.8019,23,29,6,M,9325477819211200,0
eBay,convenience,304.62,32.5644,-106.7245,32.547399999999996,-106.72800000000001,8,20,9,F,3213199796928636,0
Apple Store,grocery,880.47,46.4155,-92.703,46.4412,-92.6863,6,17,10,M,5697334428235269,0
Walmart,clothing,640.31,44.9142,-67.8751,44.9162,-67.82520000000001,13,14,9,F,5270748874432373,1
Walmart,pharmacy,72.04,29.5952,-95.6619,29.6006,-95.67790000000001,0,18,5,F,9465796064642289,0
CVS,fuel,263.64,30.2756,-82.2493,30.2836,-82.22210000000001,8,22,9,F,8971375984504837,0
7-Eleven,convenience,628.76,37.6274,-101.2853,37.641600000000004,-101.25800000000001,8,19,3,M,2534172733535855,0
Apple Store,clothing,705.17,47.0113,-111.9869,47.0406,-111.94600000000001,21,23,3,F,1681519048207960,0
Target,fuel,46.58,42.8574,-96.3319,42.851099999999995,-96.3022,8,26,5,M,1716171230970431,0
CVS,electronics,410.09,42.1333,-97.337,42.105399999999996,-97.3435,5,10,8,M,6763720811137372,0
Shell,fuel,150.53,26.854,-86.4076,26.8933,-86.3708,4,13,7,F,2849196352177996,0
Amazon,electronics,773.45,28.3713,-85.4288,28.379,-85.416,9,14,4,M,7767630484320419,0
Walmart,clothing,310.63,33.9247,-87.5986,33.9226,-87.5644,3,16,5,F,6542122652905335,0
Best Buy,convenience,334.58,28.1297,-121.1606,28.1061,-121.2043,13,8,5,F,5031622094196755,0
Best Buy,grocery,644.26,44.9335,-81.0768,44.9819,-81.10340000000001,3,27,5,M,4922986885197888,0
CVS,electronics,782.62,33.1627,-101.2115,33.1477,-101.2489,7,30,11,M,3500526431193271,0
Apple Store,electronics,676.96,26.5048,-102.5246,26.4999,-102.5643,6,14,9,M,7244819747732368,0
7-Eleven,clothing,867.06,45.3894,-124.148,45.346900000000005,-124.155,17,20,1,M,9854784627849929,0
eBay,clothing,646.69,48.2519,-82.4227,48.2217,-82.37710000000001,13,7,4,F,9895346233601891,0
Apple Store,fuel,935.11,45.3791,-80.521,45.4141,-80.489,21,9,6,M,8409777731444746,0
Target,grocery,807.29,37.4316,-118.8609,37.441,-118.8127,5,27,4,F,2670680538164568,0
7-Eleven,convenience,837.18,25.8397,-109.7666,25.887800000000002,-109.7745,22,9,7,F,4006847402821993,0
Walmart,pharmacy,339.14,34.1681,-117.2403,34.1676,-117.23060000000001,8,18,2,F,9337128620133286,0
Apple Store,grocery,263.88,25.3283,-108.7836,25.331699999999998,-108.7638,9,18,3,M,2477411664474863,0
eBay,convenience,548.03,34.3969,-112.1888,34.4322,-112.1415,17,24,8,M,2195661310748801,0
Kroger,clothing,989.54,25.2068,-94.8606,25.235500000000002,-94.8516,21,7,2,M,7601047560641410,0
Amazon,pharmacy,683.97,39.4792,-99.6212,39.4907,-99.574,1,30,1,F,7311480258294986,1
7-Eleven,fuel,985.94,32.6877,-123.6308,32.6935,-123.62339999999999,9,11,6,M,1626112330571885,0
Apple Store,fuel,931.33,30.463,-76.6395,30.4406,-76.6597,5,27,7,F,4375839990571781,0
Best Buy,convenience,73.57,26.2188,-90.3339,26.178900000000002,-90.3109,13,26,4,F,3329664352159662,0
CVS,electronics,742.6,29.8875,-86.7633,29.9026,-86.805,1,2,6,F,5514165605619330,0
Amazon,grocery,91.13,38.6365,-75.5809,38.6478,-75.5708,10,31,2,F,7462460158386572,0
Best Buy,convenience,801.79,31.5424,-99.4226,31.5656,-99.4644,13,26,4,F,4177242363126835,0
CVS,clothing,47.73,31.4532,-75.8051,31.4656,-75.7821,19,7,6,F,5723339698948073,1
eBay,fuel,75.6,37.4731,-111.0973,37.467,-111.07350000000001,13,27,1,F,1177546314238226,0
Best Buy,convenience,195.8,33.5359,-79.4245,33.5417,-79.44919999999999,5,10,6,F,2969861209183732,1
eBay,clothing,623.92,31.2354,-123.0579,31.2126,-123.01700000000001,7,19,1,M,1067800764812697,0
Target,grocery,153.4,41.7897,-78.0781,41.769000000000005,-78.0575,18,23,5,M,1540156607653104,0
Target,convenience,340.32,47.6044,-90.0109,47.6141,-89.99220000000001,5,21,12,M,6224473720193898,0
Apple Store,electronics,34.08,34.4316,-71.7054,34.394600000000004,-71.7332,7,19,9,M,1238896005181185,0
Best Buy,fuel,884.08,40.8268,-93.6576,40.8277,-93.6449,10,16,8,M,3514479718070720,0
CVS,electronics,829.16,43.4872,-80.6354,43.5297,-80.6841,19,13,5,F,6090981799798303,0
Target,grocery,705.72,34.0497,-95.9873,34.002700000000004,-95.9607,14,27,11,F,9035366484771585,0
Target,clothing,797.81,45.349,-92.0407,45.394,-92.0448,7,21,6,M,2563832924994261,0
Amazon,grocery,419.86,33.6306,-81.3313,33.6237,-81.32,11,24,8,M,6450304463902151,1
Apple Store,electronics,630.67,38.4185,-111.4767,38.455,-111.45139999999999,9,10,11,F,7081766735972002,0
Amazon,pharmacy,193.39,27.8477,-85.496,27.813,-85.4966,13,22,3,F,1350980151998685,0
Amazon,clothing,977.93,31.5969,-114.8688,31.5772,-114.84419999999999,8,27,9,F,7558498318526452,0
Shell,convenience,861.97,44.6265,-78.0757,44.6444,-78.1043,14,17,9,F,2324100909469992,0
Best Buy,electronics,257.84,36.4284,-75.4505,36.4219,-75.4137,19,4,2,F,9979578749092485,0
7-Eleven,grocery,108.1,44.5008,-108.0778,44.541799999999995,-108.1263,22,25,4,F,3230865045521685,0
Best Buy,grocery,884.94,38.197,-75.933,38.148300000000006,-75.95970000000001,2,30,8,M,1784978389208052,0
Shell,clothing,229.01,44.2923,-81.7791,44.3054,-81.7309,1,31,12,F,7970726951595696,0
Shell,grocery,916.29,27.4532,-86.3432,27.4366,-86.36229999999999,17,6,9,M,8149142726253795,0
Apple Store,electronics,358.91,44.1788,-78.6851,44.1578,-78.69210000000001,17,5,2,F,4994648757023506,0
Target,convenience,83.11,35.8981,-76.371,35.8752,-76.35759999999999,19,24,11,M,7878698174340061,0
eBay,pharmacy,11.31,39.345,-85.9046,39.3546,-85.8858,22,23,9,F,6671022853501442,0
Best Buy,pharmacy,396.84,30.291,-117.0551,30.281,-117.0887,13,4,8,M,1913024066572212,0
Apple Store,fuel,595.58,46.118,-95.9984,46.1638,-95.9591,5,7,1,M,4651262282989285,0
Walmart,clothing,229.51,40.988,-90.2007,40.943599999999996,-90.157,11,22,12,F,2087706479697632,0
CVS,clothing,794.03,35.849,-90.0599,35.8737,-90.012,11,27,1,F,5595434384534453,0
Best Buy,clothing,636.62,40.4406,-98.4326,40.442,-98.4772,9,10,1,M,3607522589184949,0
Apple Store,fuel,641.24,44.4619,-91.2491,44.4373,-91.2847,9,19,2,F,6832216587843147,0
Amazon,clothing,831.98,31.9135,-76.5646,31.8753,-76.5629,20,23,3,F,6121940513375408,0
Best Buy,pharmacy,737.22,31.1466,-110.022,31.1721,-110.0537,21,27,7,M,2970079351517362,0
7-Eleven,pharmacy,249.54,46.5929,-84.9016,46.6312,-84.86710000000001,3,12,9,M,1031505322684392,0
Shell,fuel,780.35,32.1876,-84.9189,32.216,-84.9382,8,13,9,M,7584049543942421,0
Kroger,grocery,74.59,37.618,-78.5672,37.618700000000004,-78.5554,7,29,2,M,7888505588676456,0
Apple Store,convenience,388.11,31.8423,-91.0113,31.8394,-90.99210000000001,22,23,6,M,2638281373610475,0
Apple Store,grocery,7.41,25.6662,-99.8686,25.6325,-99.8646,21,25,11,F,1456461077153929,0
CVS,grocery,97.48,30.7949,-96.6531,30.8327,-96.64909999999999,3,14,4,M,6317894519897261,0
Target,electronics,371.45,38.5234,-112.5513,38.5064,-112.5067,12,17,6,F,1391512300485174,0
CVS,convenience,641.19,32.4692,-111.0014,32.435,-110.9525,20,1,1,M,4220059803456239,0
Shell,electronics,111.67,34.6041,-112.3714,34.579100000000004,-112.40379999999999,10,24,5,F,7067793550903991,0
CVS,electronics,263.2,42.5331,-85.2277,42.5058,-85.1781,23,14,4,F,8570543236555730,0
Amazon,grocery,212.78,37.9799,-79.3441,37.9759,-79.3647,21,23,7,F,5905869188819229,0
CVS,convenience,48.9,29.1851,-98.0699,29.1818,-98.0479,1,6,5,F,5164374817880303,0
7-Eleven,convenience,497.1,29.7899,-116.3284,29.8186,-116.2972,13,20,4,F,6364444933540150,1
Apple Store,clothing,569.07,26.2081,-76.7769,26.222600000000003,-76.7855,0,22,4,M,7828715271312166,0
eBay,fuel,509.72,37.3419,-120.5522,37.2928,-120.5256,18,22,12,M,9845652074908898,0
Target,fuel,419.6,43.0859,-111.6413,43.0534,-111.5934,14,23,3,F,9376700258542842,0
CVS,pharmacy,642.28,25.1221,-69.3475,25.116,-69.3373,23,11,8,F,1200441747498874,1
eBay,convenience,513.06,47.9532,-120.6559,47.9459,-120.69160000000001,14,9,11,M,9604658382137393,0
Shell,clothing,761.66,45.7826,-76.1448,45.7999,-76.116,7,19,2,F,5008809850425048,0
Amazon,fuel,494.92,33.4886,-122.5721,33.455,-122.54090000000001,18,26,6,M,9700382965176634,0
7-Eleven,clothing,455.88,48.5178,-83.1741,48.5267,-83.1315,7,6,2,M,4466618606909424,0
Walmart,convenience,299.55,35.5634,-103.2163,35.5884,-103.1722,2,8,12,F,2076855510069537,0
CVS,pharmacy,160.23,43.3732,-76.5917,43.4144,-76.6109,9,11,5,M,7353495088765786,0
Amazon,clothing,944.33,30.1656,-113.1151,30.1674,-113.10889999999999,5,22,6,F,2573728338141586,0
Shell,grocery,307.65,38.0745,-85.3994,38.0496,-85.401,4,21,9,M,9803397415178815,0
7-Eleven,grocery,32.19,48.8246,-79.8856,48.7904,-79.9297,15,19,2,F,2789111858234532,0
7-Eleven,grocery,843.84,30.9711,-79.6763,30.9465,-79.6563,21,31,9,F,2642206213693085,0
Target,clothing,446.03,39.5259,-84.428,39.4999,-84.4339,22,21,3,F,1876477580616152,0
Best Buy,clothing,430.1,41.0942,-102.0631,41.056400000000004,-102.08470000000001,8,28,5,F,5223757750735095,1
7-Eleven,clothing,108.91,26.6054,-81.0981,26.578,-81.0928,22,5,5,F,5685262804256727,0
Best Buy,fuel,241.23,32.3506,-91.6937,32.3763,-91.6855,2,3,8,F,4765580817512057,0
Target,grocery,24.07,38.9056,-106.9227,38.8602,-106.9225,16,19,6,M,6970704189423769,0
Amazon,electronics,343.32,32.0236,-80.5977,31.983400000000003,-80.63300000000001,2,31,4,M,2253868162135501,0
Walmart,fuel,220.99,36.4487,-67.3398,36.407900000000005,-67.3691,0,14,2,F,5369014544518576,0
Kroger,clothing,30.44,35.9628,-120.3871,35.9993,-120.3666,14,13,4,M,5106555339885444,0
Best Buy,grocery,934.24,26.2461,-71.6479,26.246299999999998,-71.67550000000001,16,19,7,F,2582621652983160,0
Best Buy,electronics,483.56,48.089,-93.655,48.1094,-93.6858,4,24,10,M,4833021401831551,0
Shell,fuel,150.95,31.122,-90.0287,31.0883,-90.0492,3,24,3,F,2792846294119096,0
Target,convenience,409.59,39.6991,-100.678,39.725100000000005,-100.6722,19,4,7,F,8426272371918021,0
Kroger,grocery,41.28,38.914,-74.2599,38.8664,-74.2522,6,13,3,M,6867813324517009,0
7-Eleven,electronics,955.58,28.6073,-84.8927,28.655199999999997,-84.87310000000001,1,4,9,F,5591727202615938,0
eBay,convenience,804.16,38.9536,-91.5221,38.9074,-91.485,21,29,12,F,7164134017569889,1
Kroger,electronics,339.97,47.2608,-68.0631,47.2308,-68.04990000000001,18,16,7,M,8244677509237044,0
eBay,clothing,982.23,47.219,-97.7173,47.1819,-97.69109999999999,21,27,7,M,4499827468879636,1
CVS,convenience,138.24,25.4355,-86.6203,25.418300000000002,-86.5722,7,8,9,M,1691161395952618,0
Kroger,pharmacy,580.19,33.2742,-106.7445,33.254400000000004,-106.7525,14,1,10,F,3632032286599990,0
eBay,convenience,354.47,44.0505,-105.9359,44.0407,-105.9008,14,30,7,F,5406959280870338,0
7-Eleven,electronics,408.4,28.2903,-97.8104,28.2461,-97.7769,10,13,1,M,1048861734498755,0
Target,pharmacy,263.26,30.2701,-124.2835,30.2729,-124.2902,9,15,4,M,5080142478740243,0
Shell,clothing,220.65,26.4242,-102.7667,26.4562,-102.7324,10,31,12,F,6849674054186782,0
Target,grocery,967.89,33.6362,-77.1501,33.6492,-77.19959999999999,18,19,6,M,1730276968502168,0
Best Buy,clothing,67.74,36.4198,-93.0772,36.4578,-93.071,8,28,9,F,9343091363180728,0
Best Buy,convenience,538.73,48.5673,-81.0438,48.5854,-81.0738,10,23,12,M,4025567238434647,0
Shell,grocery,376.9,33.3819,-106.6854,33.3858,-106.6439,0,31,11,M,8497720664557903,0
Apple Store,clothing,119.55,37.2643,-120.2077,37.2153,-120.1892,7,30,6,M,2062551398399509,0
7-Eleven,pharmacy,272.26,43.5668,-110.4025,43.5999,-110.4017,7,7,6,M,6497390432195440,0
Amazon,convenience,363.73,35.8965,-89.2391,35.907900000000005,-89.2113,10,4,1,M,2619663674148257,0
Amazon,electronics,888.21,36.8121,-123.8739,36.7751,-123.9038,22,26,4,F,8465865361397165,0
CVS,fuel,358.86,35.9772,-115.9508,35.9538,-115.9173,20,15,10,M,3884519747656151,0
Apple Store,clothing,366.23,34.6291,-71.6072,34.652300000000004,-71.6033,17,17,10,F,9217977251034196,1
CVS,electronics,225.69,29.7665,-119.4994,29.816100000000002,-119.5101,16,7,1,F,6645043235464904,0
Kroger,clothing,922.16,47.6883,-76.5444,47.7142,-76.585,22,6,5,F,7680580890026234,0
Shell,convenience,907.28,28.4904,-94.5951,28.5085,-94.6139,17,29,4,F,9416881347523586,0
Walmart,clothing,434.79,35.9766,-105.7932,35.9666,-105.7657,6,3,2,M,6527131838949006,0
Walmart,grocery,140.89,32.0394,-111.645,32.001,-111.6443,8,19,12,M,9925068791504179,0
Apple Store,clothing,313.77,30.619,-89.675,30.6659,-89.6938,13,13,5,F,1571310769857109,0
Apple Store,pharmacy,563.17,29.703,-75.4667,29.7192,-75.4605,6,13,2,M,2646910965221096,1
Amazon,grocery,21.56,40.1527,-90.231,40.170300000000005,-90.1938,8,8,2,F,6061090858532133,0
Walmart,convenience,280.24,43.6175,-105.6696,43.5711,-105.6219,13,16,12,F,3489594574136950,0
CVS,fuel,254.56,42.1964,-88.5246,42.1476,-88.5018,15,9,12,M,4166539195813244,0
7-Eleven,electronics,350.23,33.3933,-80.3154,33.3873,-80.2957,0,12,6,M,8798816437125568,0
Best Buy,grocery,852.35,46.0499,-115.0995,46.0453,-115.0853,11,17,4,F,6644358601363971,0
Amazon,clothing,744.54,39.4842,-89.6796,39.4897,-89.65849999999999,1,21,7,F,2065279028575481,0
Kroger,clothing,714.7,46.2961,-86.2893,46.3391,-86.27459999999999,16,12,6,M,2631835256956063,0
eBay,convenience,616.9,27.0736,-115.2779,27.034499999999998,-115.2413,13,6,10,M,5916964006481012,0
Best Buy,fuel,689.58,26.3928,-108.7493,26.354200000000002,-108.75250000000001,4,10,5,M,5763327955017666,0
Shell,fuel,187.25,47.3118,-66.0131,47.270399999999995,-65.98479999999999,14,23,11,F,3418337678001262,0
CVS,clothing,653.64,30.7538,-90.4866,30.7596,-90.4892,8,18,7,F,4835887106571006,1
Best Buy,clothing,436.39,38.0389,-103.0499,38.056599999999996,-103.0576,6,22,10,F,4627701160193934,0
Target,grocery,198.43,40.5331,-112.92,40.5618,-112.891,9,25,9,M,1239651824938271,0
Amazon,electronics,885.2,37.2382,-108.814,37.2331,-108.76499999999999,23,26,6,M,2220904453654019,0
Walmart,pharmacy,850.11,41.2701,-107.9616,41.2468,-107.9199,15,14,1,F,3093915136604766,0
CVS,fuel,41.33,26.973,-101.9667,26.9468,-101.9869,2,29,3,M,5559629960519669,0
CVS,pharmacy,34.93,31.6473,-68.2496,31.666,-68.2624,22,14,4,F,4450147866439846,0
Kroger,pharmacy,714.39,33.2899,-76.9956,33.3188,-77.018,0,13,12,M,8207072404182755,0
Shell,pharmacy,104.86,44.6959,-82.3389,44.7389,-82.3077,20,11,2,F,4737482374247800,0
7-Eleven,convenience,289.06,39.495,-67.9921,39.510799999999996,-68.0285,11,19,4,M,9025790143896338,0
Target,clothing,392.95,40.3803,-97.0239,40.341,-97.0486,2,24,12,M,3774618103153162,0
Target,fuel,352.2,46.0672,-89.0829,46.0873,-89.0933,23,9,8,M,1398982458945801,0
Amazon,fuel,693.03,39.9914,-101.2357,40.010799999999996,-101.2849,5,17,3,F,7341604410777392,0
Best Buy,fuel,751.89,32.8575,-108.4794,32.844500000000004,-108.4378,15,1,11,M,9470240555165549,0
Walmart,clothing,100.79,42.1615,-100.2441,42.146499999999996,-100.26820000000001,21,23,5,F,5567050076346166,0
Target,pharmacy,668.16,29.5661,-107.5333,29.5708,-107.5542,11,7,8,F,4204966144005601,0
Walmart,clothing,396.68,47.0002,-99.7692,46.9827,-99.7607,18,17,1,M,6800368433371796,0
Best Buy,pharmacy,528.53,32.5112,-67.8207,32.5484,-67.8292,3,19,10,F,7059986625631963,0
Shell,fuel,205.93,43.452,-78.3402,43.4783,-78.3534,15,9,11,F,9468965404496858,0
Walmart,fuel,281.37,46.5112,-116.4466,46.472,-116.4649,22,10,1,F,5938688428128860,0
CVS,electronics,935.41,46.2634,-114.8924,46.250699999999995,-114.86479999999999,10,14,12,M,1679308326764708,0
Walmart,pharmacy,590.27,42.5265,-73.8096,42.4872,-73.78620000000001,8,14,2,M,4765086181281704,0
eBay,convenience,700.96,46.3136,-87.2192,46.356300000000005,-87.23910000000001,21,12,12,F,4657751621249770,1
eBay,fuel,955.31,36.6093,-115.1993,36.6275,-115.2057,0,5,11,F,7944126366972519,0
Amazon,grocery,937.19,34.6649,-102.086,34.6174,-102.1241,0,12,6,F,6262971920850747,0
Kroger,fuel,333.53,41.9767,-102.4521,41.9365,-102.4966,9,22,2,F,8560721809958638,0
Shell,fuel,992.12,43.4184,-80.3171,43.421,-80.2846,20,17,5,M,3147460165000199,0
Best Buy,fuel,509.43,40.638,-87.1876,40.6701,-87.2316,0,1,4,F,6877162793101757,0
Walmart,electronics,29.95,38.3849,-85.4657,38.354800000000004,-85.4888,12,2,1,F,8529772928959992,1
Apple Store,fuel,407.53,35.4907,-73.9104,35.519,-73.9166,13,28,11,M,3064384362746274,1
7-Eleven,pharmacy,271.93,25.3983,-69.6309,25.4348,-69.6574,8,19,4,F,4407264117545668,0
Walmart,convenience,213.36,28.7998,-115.9703,28.7683,-115.96709999999999,4,18,8,M,4248408457899081,0
Kroger,electronics,389.97,39.7192,-124.0018,39.7385,-124.0515,23,21,1,M,4930732261722772,0
Apple Store,convenience,220.22,35.5983,-116.1677,35.5897,-116.1771,6,12,2,M,7509457996126919,0
Best Buy,clothing,46.74,31.5847,-78.0338,31.610500000000002,-77.9866,12,6,8,M,2365477644983388,0
CVS,clothing,831.31,31.1841,-106.1204,31.2163,-106.1431,20,5,1,M,6513747123865697,0
Walmart,convenience,172.6,43.0412,-109.4763,43.0733,-109.44579999999999,16,11,4,M,5317972273217701,0
Amazon,grocery,646.86,45.2065,-103.5617,45.1918,-103.5484,22,19,3,M,1036194772337054,0
Walmart,fuel,183.25,40.3597,-120.7832,40.31229999999999,-120.81099999999999,13,10,8,F,2679865483613212,0
7-Eleven,convenience,595.84,27.4657,-86.9615,27.491999999999997,-86.9425,16,23,9,F,2529111282301546,0
7-Eleven,electronics,195.67,38.1419,-103.7808,38.1314,-103.78829999999999,19,24,3,F,6035097975221697,0
Target,convenience,158.2,27.032,-95.8458,27.0329,-95.8656,18,22,5,F,1829672054656982,0
7-Eleven,pharmacy,70.51,45.1444,-116.9108,45.0969,-116.91629999999999,4,4,8,M,9761482429426679,0
Amazon,pharmacy,50.73,29.9038,-77.1045,29.9236,-77.0679,10,16,7,M,8324224024290031,0
Amazon,fuel,198.57,35.4128,-104.472,35.453199999999995,-104.4601,1,15,11,F,2271263851132174,0
Best Buy,clothing,965.98,42.2207,-123.0721,42.186,-123.1115,12,17,8,M,2312542162264384,0
Shell,convenience,286.66,25.4097,-120.0447,25.4112,-120.0537,21,6,5,M,9553174365401082,0
CVS,electronics,568.75,46.1958,-80.8853,46.231899999999996,-80.8911,8,3,12,F,2971278728692518,0
Walmart,grocery,902.48,42.2005,-113.9963,42.230199999999996,-114.0,8,15,7,F,4824901627742637,0
Amazon,grocery,521.66,39.0029,-103.3741,38.984399999999994,-103.396,21,2,1,M,7650140811974309,0
7-Eleven,clothing,156.82,42.1382,-76.2443,42.175599999999996,-76.2445,0,20,9,M,4551568181241134,0
Amazon,convenience,304.37,40.8379,-120.5941,40.836,-120.6063,15,23,6,M,8013735101178239,0
Amazon,convenience,799.93,40.5475,-75.0959,40.528,-75.12650000000001,13,22,1,M,2468070096761065,0
Target,clothing,606.41,31.9839,-119.1184,31.9804,-119.1621,0,16,4,M,3947490472512220,1
Amazon,pharmacy,984.7,47.6326,-96.2906,47.641099999999994,-96.2649,23,15,4,F,9952407505354885,1
Apple Store,electronics,62.22,31.701,-75.8,31.7087,-75.7747,6,4,8,M,8710515183158496,0
Target,convenience,547.65,36.9165,-72.7952,36.9599,-72.8385,12,29,9,M,5665703848557788,0
CVS,pharmacy,979.17,25.1507,-114.4723,25.1702,-114.44290000000001,23,28,10,M,6561434305625389,0
Walmart,grocery,233.95,48.6918,-121.7706,48.6697,-121.7308,7,11,5,F,6126910656412529,0
Apple Store,convenience,878.98,44.9738,-87.5822,44.939899999999994,-87.6081,0,7,12,M,8403200509007816,0
Walmart,convenience,629.84,40.0038,-77.3232,40.014199999999995,-77.2921,10,15,7,M,8917265453977674,0
eBay,clothing,272.09,42.1572,-69.9547,42.119,-69.9192,18,19,11,F,5290403541766887,1
7-Eleven,electronics,194.15,47.4477,-116.9852,47.427,-116.99440000000001,5,9,6,F,7892591137017320,0
eBay,convenience,388.2,41.4233,-123.4146,41.402499999999996,-123.3723,4,20,7,F,3444234818835214,0
Walmart,pharmacy,513.63,30.734,-89.0199,30.781200000000002,-89.05290000000001,16,14,2,F,1673997530004408,0
eBay,pharmacy,279.64,33.4508,-79.9416,33.4186,-79.957,23,5,2,F,9533366012933260,0
CVS,convenience,788.99,33.0926,-119.2015,33.0546,-119.2281,10,25,1,M,2360588529143310,0
7-Eleven,pharmacy,715.58,45.4201,-70.2393,45.463,-70.2458,21,16,12,M,8735195094859297,0
Best Buy,convenience,981.07,35.5446,-92.8473,35.507200000000005,-92.8936,5,8,4,F,4600917440789757,0
7-Eleven,fuel,815.85,46.4585,-66.9792,46.4295,-67.028,18,5,1,M,8043120797285217,0
Amazon,clothing,77.91,47.6919,-92.697,47.71319999999999,-92.71940000000001,22,30,7,F,1928190239576608,0
Walmart,fuel,618.14,29.648,-87.3875,29.6515,-87.3535,22,25,1,M,3151552398355898,0
Kroger,clothing,972.11,39.2088,-100.2013,39.2241,-100.227,6,16,11,M,3545605645119967,0
7-Eleven,convenience,321.62,34.7684,-107.8606,34.7811,-107.9021,19,26,10,F,8285342991111608,0
Shell,fuel,6.99,48.388,-107.8364,48.411899999999996,-107.8553,5,11,10,F,5157947981325958,1
CVS,pharmacy,238.48,46.4104,-115.8928,46.3755,-115.9157,4,18,11,M,8389261888450449,0
Shell,pharmacy,644.02,32.9904,-98.1831,33.010600000000004,-98.13839999999999,7,4,11,F,1698411664840289,0
Amazon,electronics,784.02,26.7536,-86.3645,26.7286,-86.39120000000001,18,30,5,F,9374518469407131,0
Kroger,convenience,787.22,26.4723,-93.6571,26.505200000000002,-93.6954,18,18,3,F,5395313583862305,0
eBay,convenience,723.16,31.5569,-78.1293,31.523799999999998,-78.10810000000001,4,16,7,F,3592398553334822,0
Amazon,grocery,557.18,48.3608,-108.3829,48.331399999999995,-108.42710000000001,14,28,12,M,6595954181247902,1
Walmart,grocery,250.56,39.3416,-68.1265,39.2922,-68.09039999999999,14,4,9,F,9654868803939793,0
Walmart,electronics,756.84,25.1434,-67.3196,25.16,-67.3625,7,14,11,F,5568415448744096,0
7-Eleven,convenience,632.01,43.4281,-73.9712,43.4596,-74.0148,5,6,2,F,7010145807393848,0
7-Eleven,pharmacy,541.42,35.0822,-74.7412,35.0789,-74.7407,15,25,12,F,2325411183856878,0
Kroger,fuel,793.22,38.8021,-107.2101,38.757400000000004,-107.1806,14,18,10,F,4559634532075641,0
Shell,clothing,447.09,30.2387,-86.6859,30.257800000000003,-86.7333,19,22,7,F,7688634781687328,0
Shell,electronics,541.45,35.9191,-98.2258,35.8771,-98.1967,6,8,2,F,7383348859960848,0
7-Eleven,convenience,512.78,45.3675,-109.2045,45.3351,-109.2119,17,25,11,M,7656047158973244,0
Best Buy,electronics,144.67,30.4618,-113.0173,30.4318,-113.02420000000001,18,7,6,F,3673420280581740,0
Amazon,convenience,39.9,33.3643,-98.0617,33.3594,-98.0531,10,7,7,F,8278148784880493,0
eBay,clothing,449.23,39.8865,-107.0604,39.901599999999995,-107.0327,6,8,7,F,3997785453693993,0
Walmart,electronics,68.42,33.4112,-89.5978,33.4272,-89.62610000000001,18,10,7,M,7283491237140741,0
Shell,electronics,95.92,42.2572,-101.512,42.245599999999996,-101.5196,7,19,7,M,9443970321593635,0
eBay,grocery,695.46,32.1076,-123.5717,32.129999999999995,-123.56800000000001,17,31,11,M,8918235255375917,1
Apple Store,clothing,399.88,42.8013,-96.8332,42.8005,-96.8361,18,18,4,F,4686779614891407,0
Kroger,clothing,837.84,31.7999,-119.0834,31.767500000000002,-119.1232,21,18,10,F,5571174394847232,0
Best Buy,clothing,46.12,41.2208,-68.6217,41.265299999999996,-68.6057,10,14,11,F,6297569410495219,1
Shell,fuel,162.93,31.4795,-70.5141,31.4322,-70.5087,9,27,3,M,4353051597903861,1
Shell,clothing,971.37,40.1777,-88.9891,40.1432,-88.95639999999999,4,30,9,M,6952965626934954,0
7-Eleven,pharmacy,74.9,29.2368,-111.199,29.272299999999998,-111.1799,19,26,1,M,4090845060443965,0
Target,grocery,820.94,39.3198,-81.6838,39.283300000000004,-81.6473,20,17,5,M,2148143842632669,0
Kroger,grocery,200.85,48.41,-118.0749,48.441199999999995,-118.0335,10,2,5,F,1350626721230503,0
Kroger,clothing,325.87,31.9248,-118.0626,31.962600000000002,-118.0557,20,17,2,F,6636888549158294,0
CVS,pharmacy,657.39,27.0467,-96.4622,27.064600000000002,-96.48089999999999,2,27,5,F,7430946589797601,0
Target,pharmacy,475.67,41.2242,-97.1747,41.222300000000004,-97.1397,18,9,4,F,1992870857037299,1
Shell,grocery,951.67,26.0452,-70.5507,26.0839,-70.52950000000001,12,20,5,F,1712260766468282,0
eBay,clothing,798.07,44.5445,-72.475,44.532199999999996,-72.42699999999999,21,6,1,M,6740316580094297,0
CVS,convenience,721.08,47.1443,-107.9486,47.109300000000005,-107.9932,16,20,6,M,9888467006428941,0
Amazon,grocery,484.76,45.5684,-67.1353,45.602799999999995,-67.1095,9,20,11,F,9589987100858443,0
Shell,pharmacy,238.57,28.771,-103.0437,28.779500000000002,-103.06530000000001,15,12,12,F,8363192253181884,0
Kroger,pharmacy,728.54,32.4105,-88.357,32.372099999999996,-88.345,5,4,8,M,2942646877962820,0
Apple Store,electronics,399.1,31.3879,-98.3502,31.404999999999998,-98.3666,13,20,1,M,4944300566188149,0
eBay,electronics,471.86,40.979,-122.7322,40.9395,-122.76450000000001,6,3,7,M,9208356858312887,0
CVS,convenience,571.76,31.2799,-93.0155,31.304000000000002,-93.00500000000001,19,13,6,F,6875224876764271,0
Shell,fuel,328.39,37.4924,-93.1934,37.462500000000006,-93.2251,20,25,6,F,2608478593694304,0
Shell,clothing,991.51,25.791,-72.0799,25.7485,-72.0623,13,2,4,M,5978293411869390,0
Amazon,grocery,274.81,31.9303,-87.0825,31.9119,-87.1169,14,3,6,M,5749145190210826,0
Shell,pharmacy,216.38,29.9689,-109.6979,29.9354,-109.7222,4,3,4,F,8074820859999483,1
7-Eleven,grocery,461.33,42.344,-111.762,42.2962,-111.7259,2,3,1,F,9909846893178077,0
Apple Store,grocery,313.4,27.7777,-73.5016,27.7642,-73.5084,22,4,1,M,5422715333538979,0
CVS,fuel,266.91,32.5657,-119.8188,32.5514,-119.8599,14,28,3,F,2899649067295658,0
Amazon,clothing,983.22,34.1094,-92.156,34.123200000000004,-92.1847,12,9,4,M,8126294179244079,0
Best Buy,grocery,577.5,33.665,-106.7502,33.670899999999996,-106.75200000000001,4,16,9,F,8077903756131216,0
Walmart,fuel,523.24,37.7422,-118.3252,37.7296,-118.3504,9,9,7,M,2706138069685921,0
Apple Store,pharmacy,233.15,42.025,-68.4608,42.024699999999996,-68.4525,16,11,5,M,5334300524245247,0
Apple Store,fuel,841.48,48.4415,-73.2131,48.4409,-73.2216,0,26,8,F,1105088066063659,0
Amazon,fuel,91.72,47.6802,-119.0295,47.727,-119.0047,9,2,5,F,3883587971501529,0
Best Buy,clothing,934.07,38.2514,-91.4365,38.2369,-91.4664,2,28,2,F,7891836292732848,0
CVS,grocery,167.44,32.6518,-83.4285,32.6314,-83.439,16,7,12,F,2362030021483390,0
Shell,clothing,900.06,39.1621,-99.8957,39.1336,-99.8712,9,4,12,M,8166516683479121,0
Walmart,clothing,273.7,37.3038,-103.3584,37.331300000000006,-103.3563,2,14,7,M,9076545430647285,0
7-Eleven,clothing,265.49,35.287,-70.5048,35.276199999999996,-70.4906,15,6,3,M,9768013651698025,0
CVS,electronics,130.98,44.408,-109.9312,44.396,-109.91290000000001,4,22,7,M,9303035709315521,0
Target,fuel,985.71,46.1368,-67.5678,46.129200000000004,-67.5274,23,11,9,M,8851549282276810,0
Walmart,grocery,887.3,43.6019,-95.8018,43.5828,-95.7622,9,16,5,F,7650802758403643,0
Amazon,pharmacy,395.46,30.9852,-93.8274,30.9939,-93.86149999999999,20,4,11,M,6524372373322315,1
Amazon,fuel,252.12,32.8643,-106.4121,32.8881,-106.3964,0,21,2,M,5492012786595863,0
CVS,fuel,223.0,45.5293,-96.7945,45.4951,-96.836,12,22,2,M,3965643499039986,1
Kroger,pharmacy,521.84,33.127,-117.4768,33.104,-117.44749999999999,4,30,3,M,5488738229534209,0
eBay,fuel,731.36,44.2941,-91.7911,44.3113,-91.82,15,2,1,F,7837882508582515,1
Target,electronics,696.81,38.1537,-106.5237,38.1897,-106.5335,12,15,12,M,1715016943355837,0
Amazon,clothing,441.78,30.6941,-116.2262,30.729499999999998,-116.2458,12,15,10,M,1182028409775085,0
Amazon,pharmacy,217.83,29.7764,-118.3893,29.7841,-118.4247,16,13,6,M,5793162174816814,0
Shell,fuel,688.39,28.3814,-90.0295,28.3993,-90.0104,8,28,4,F,9299976787016760,0
Kroger,grocery,899.16,36.818,-108.8276,36.849999999999994,-108.8318,10,12,1,M,9082386898174908,0
Walmart,fuel,870.81,48.7095,-81.136,48.6932,-81.1124,14,18,9,M,4169220666319744,0
Shell,fuel,169.79,34.8133,-73.065,34.7954,-73.069,20,17,7,M,3798092056437386,0
Kroger,clothing,194.17,41.4457,-72.9346,41.4675,-72.98190000000001,0,2,6,M,8138743501925740,1
Best Buy,clothing,673.88,34.1406,-78.2642,34.1066,-78.3058,20,13,3,M,6072873961034941,1
7-Eleven,fuel,916.61,26.5641,-116.1337,26.5934,-116.17020000000001,10,9,4,M,6825375171704585,0
eBay,convenience,353.91,33.72,-117.0464,33.7589,-117.0021,16,8,4,M,2686157812107437,0
Kroger,clothing,761.6,31.2745,-124.5998,31.2377,-124.6062,16,15,9,M,4000214796276079,1
Kroger,convenience,101.44,46.2561,-91.9741,46.2197,-91.98840000000001,1,6,4,F,5715627760794765,0
eBay,grocery,781.79,40.1564,-99.3922,40.115899999999996,-99.3437,18,8,9,M,7473463193790316,0
Amazon,convenience,388.46,41.5176,-108.4475,41.475500000000004,-108.467,20,8,10,M,8849895657632300,0
Best Buy,fuel,198.99,30.9341,-111.5457,30.893800000000002,-111.5025,17,9,7,F,7989798373316325,0
Amazon,pharmacy,183.88,38.4349,-121.1316,38.4463,-121.08470000000001,11,12,4,F,8435175024350687,0
Shell,grocery,570.52,32.4568,-70.2819,32.488,-70.31569999999999,19,8,2,F,5225440936885422,0
Apple Store,convenience,158.21,27.7622,-104.7819,27.7952,-104.81179999999999,10,5,3,M,7378837826336384,0
Apple Store,convenience,308.38,25.3542,-73.2431,25.3689,-73.27929999999999,19,16,3,F,5633423922041833,0
Apple Store,fuel,430.87,41.3687,-108.6882,41.327299999999994,-108.69409999999999,13,27,7,F,9734253867314159,0
Target,grocery,564.5,43.1349,-75.9939,43.1807,-76.0095,9,1,4,M,5286148013874730,0
Apple Store,convenience,467.09,29.4777,-74.8841,29.525199999999998,-74.9233,10,14,8,M,1969083429123620,0
Best Buy,electronics,81.51,25.3901,-100.1858,25.4392,-100.1444,5,5,4,F,3276221478084909,0
Amazon,fuel,424.95,48.2323,-76.8651,48.1897,-76.81869999999999,9,12,8,M,5747696361758244,1
Target,grocery,239.94,33.7962,-102.0334,33.814299999999996,-102.0348,8,5,1,M,3408220550915125,0
Best Buy,convenience,487.99,41.0125,-123.2745,41.047200000000004,-123.2525,7,13,5,M,2661176062054187,1
Amazon,fuel,312.27,47.774,-98.0303,47.8095,-98.0517,7,3,12,F,5992756714924012,0
Kroger,electronics,273.15,36.2972,-108.8414,36.2707,-108.79499999999999,16,20,10,M,4023163195943799,0
7-Eleven,grocery,612.52,43.9466,-93.7268,43.957499999999996,-93.7045,15,14,11,M,9272544022527558,0
Walmart,pharmacy,279.65,42.6267,-88.1038,42.6254,-88.1196,17,8,4,M,3722257596658553,0
Best Buy,clothing,44.65,43.9319,-75.4047,43.8928,-75.3553,22,2,7,F,9981481257036316,0
Amazon,convenience,824.72,33.3961,-83.982,33.398999999999994,-83.9391,5,13,4,M,8951202683430893,0
7-Eleven,clothing,201.97,27.2832,-83.854,27.3325,-83.8775,18,9,11,F,1149389498931283,0
eBay,grocery,419.21,40.3701,-123.4219,40.3374,-123.3946,13,23,1,M,1841297973379132,0
7-Eleven,grocery,19.46,41.4502,-101.1519,41.475,-101.1572,0,20,2,M,9855638475041147,0
Kroger,convenience,518.57,44.1721,-71.9929,44.1251,-71.96310000000001,15,22,5,F,6628617226883054,0
eBay,clothing,763.89,32.6208,-89.6613,32.572500000000005,-89.6694,16,25,4,F,9888799865183092,0
Walmart,grocery,842.7,44.736,-107.484,44.7133,-107.45479999999999,23,3,12,F,1302646303986925,0
Walmart,convenience,201.79,47.1565,-79.4554,47.163000000000004,-79.46509999999999,15,4,3,F,7527387669479321,0
Amazon,clothing,715.95,28.1649,-118.0212,28.198999999999998,-118.0162,19,25,6,F,5005984629579822,0
Target,grocery,306.01,38.4136,-119.752,38.420300000000005,-119.75959999999999,14,14,10,M,6085603264142805,1
eBay,electronics,950.37,34.8334,-122.217,34.813199999999995,-122.2026,14,13,8,F,9916632473096917,1
Walmart,pharmacy,947.53,35.5639,-123.244,35.5327,-123.2879,15,27,6,M,5626113114493171,0
Apple Store,clothing,823.59,45.8462,-105.6272,45.8614,-105.631,23,8,9,M,5837686430525818,0
Walmart,clothing,583.18,30.0942,-87.8504,30.052300000000002,-87.8026,18,16,11,F,3163304680913337,0
Target,grocery,747.6,33.324,-100.8905,33.3501,-100.9291,16,13,8,F,6087365882068247,1
eBay,grocery,945.57,27.0836,-73.5283,27.1094,-73.4995,23,23,8,F,3669417484001230,0
Apple Store,grocery,492.81,34.3035,-117.4233,34.3217,-117.46209999999999,7,16,6,F,1152743032598519,0
Target,pharmacy,191.07,47.4794,-112.5419,47.4428,-112.5559,7,26,2,F,5163933519649205,0
Kroger,electronics,33.82,38.5059,-72.808,38.494,-72.7933,21,1,7,F,2332742062680841,0
Kroger,convenience,584.17,48.755,-108.1351,48.7329,-108.1818,23,17,10,M,4936775433480677,0
CVS,convenience,685.85,25.6225,-70.9746,25.6268,-70.97619999999999,10,13,2,M,4764831935211277,0
Amazon,convenience,300.8,30.1617,-104.8522,30.1294,-104.8522,1,12,6,F,7139659818148657,0
7-Eleven,grocery,810.36,44.0633,-108.39,44.0571,-108.4132,2,14,7,M,1196742153747748,0
7-Eleven,clothing,899.36,48.457,-69.9845,48.486000000000004,-69.9932,16,26,8,M,2174714872893119,0
Shell,convenience,893.84,46.69,-69.9256,46.715599999999995,-69.91680000000001,18,23,2,M,2486679663253958,0
Kroger,pharmacy,421.13,46.9146,-68.7565,46.9612,-68.7534,18,24,2,M,3853559030973564,0
Shell,grocery,282.06,36.0672,-104.5635,36.0365,-104.5266,11,31,3,M,7041644458095604,0
eBay,clothing,985.67,31.6958,-86.4937,31.6649,-86.4452,18,21,11,F,8449067755212504,0
Shell,clothing,776.38,37.3379,-96.4244,37.3287,-96.4174,19,10,2,M,8093749207199450,0
CVS,clothing,767.74,47.253,-66.6983,47.285,-66.7175,11,19,12,F,1789355452368611,0
Best Buy,clothing,64.88,25.2114,-75.7666,25.1883,-75.72579999999999,13,1,1,M,4198275391126424,0
7-Eleven,clothing,766.19,38.9686,-85.599,38.9831,-85.59,4,29,1,M,5797745394469145,1
7-Eleven,fuel,334.19,40.9334,-111.0259,40.977599999999995,-111.05229999999999,0,4,2,F,7004576188422434,0
Walmart,electronics,503.77,25.4052,-106.7785,25.381,-106.81909999999999,8,16,8,M,9810463765371308,1
Kroger,grocery,798.88,28.7242,-75.9764,28.6918,-75.978,16,27,9,F,5402276406205431,0
Target,fuel,461.01,39.3827,-98.0314,39.3567,-97.9915,1,15,9,M,3303921752862360,0
Target,electronics,864.42,27.6282,-103.8414,27.604499999999998,-103.8193,13,8,1,M,4168849887327242,0
Walmart,electronics,912.53,48.8651,-110.7222,48.8611,-110.76520000000001,5,8,6,M,7784916248009049,0
Target,pharmacy,282.14,39.7693,-93.7225,39.7287,-93.67649999999999,4,1,1,F,4191692484166545,0
Best Buy,grocery,547.6,29.3711,-114.6921,29.389899999999997,-114.6965,2,25,3,M,8218540405886787,1
Shell,clothing,125.08,32.9859,-97.0462,32.9606,-97.0355,17,22,7,F,4768510654071115,0
Shell,clothing,321.1,38.7642,-124.5777,38.7319,-124.6253,6,10,10,M,6614588487540276,0
eBay,electronics,485.74,27.3592,-69.9779,27.373,-69.9445,6,15,10,M,4345026747148561,0
Target,pharmacy,277.35,30.7312,-90.6291,30.7265,-90.6621,6,28,8,F,6008316263995743,0
Best Buy,fuel,846.84,46.2888,-110.9401,46.3025,-110.96340000000001,8,10,9,F,1981368721984438,0
Amazon,electronics,380.41,27.5161,-72.8687,27.521500000000003,-72.9162,11,16,2,F,1978452027487484,0
Apple Store,clothing,797.67,25.9064,-70.4528,25.9557,-70.43339999999999,18,16,4,M,1183782168062865,0
Amazon,clothing,478.63,45.151,-102.6014,45.1775,-102.56739999999999,13,9,3,F,6742833659304516,0
Shell,clothing,584.85,38.8129,-90.296,38.8099,-90.29400000000001,7,24,8,F,9712069682796180,0
Target,convenience,992.72,33.1697,-92.8876,33.158,-92.9107,8,25,8,M,9765240611900874,0
Walmart,fuel,458.29,25.3831,-115.3991,25.3661,-115.4461,8,20,8,M,5532758344788557,0
Kroger,pharmacy,262.64,32.5474,-80.5986,32.588300000000004,-80.58510000000001,14,26,4,F,7319101540831393,1
Target,convenience,805.82,42.0072,-85.7732,42.0387,-85.7423,21,6,12,M,5829777500377778,0
7-Eleven,grocery,691.95,41.1309,-79.9978,41.138999999999996,-79.9509,9,19,12,F,2881715897614565,1
Apple Store,pharmacy,841.89,37.9509,-83.8364,37.9252,-83.8562,15,31,1,M,2766841402583779,0
Best Buy,fuel,483.03,46.7417,-113.5197,46.7727,-113.5071,12,15,2,M,5421829277275306,0
Target,pharmacy,408.54,36.76,-108.4295,36.7663,-108.4757,8,24,10,F,6974551223426241,0
Best Buy,pharmacy,745.83,40.4148,-105.3098,40.4404,-105.2843,18,2,10,F,7292716547351662,0
CVS,grocery,647.12,44.5509,-99.6581,44.5398,-99.6104,19,26,5,F,4018668409903758,0
Best Buy,electronics,735.29,33.3835,-122.7988,33.3884,-122.8365,1,13,8,F,8694873092909633,0
Amazon,grocery,685.08,45.7673,-98.9076,45.8124,-98.8918,10,19,2,M,5430869613500945,0
eBay,electronics,740.43,37.4325,-77.3086,37.401799999999994,-77.3373,16,27,6,F,2466080404612183,0
Apple Store,fuel,329.09,38.7434,-109.0132,38.7715,-109.0285,17,18,10,F,6992723774867892,0
Walmart,pharmacy,877.64,27.6697,-79.5566,27.668899999999997,-79.5766,19,26,1,F,6161127352620525,1
CVS,grocery,786.83,39.0737,-117.8126,39.0627,-117.78410000000001,6,17,2,M,8355579816521217,0
Apple Store,grocery,603.28,45.6701,-81.378,45.7117,-81.3788,5,10,6,M,8944775031491255,0
Best Buy,clothing,64.61,28.414,-93.037,28.403100000000002,-92.99260000000001,1,9,2,F,4824566551755322,1
Shell,clothing,47.3,33.3064,-106.1436,33.2844,-106.09660000000001,18,3,12,M,8857004548428820,0
CVS,convenience,762.44,48.1448,-85.0937,48.1504,-85.1326,14,29,5,M,9087143482135786,0
Target,pharmacy,556.72,43.7366,-108.5369,43.777300000000004,-108.5261,22,8,9,F,1183513527679444,0
Shell,fuel,474.19,35.7921,-122.5028,35.7665,-122.5406,22,17,12,F,1365130441709988,1
Walmart,electronics,974.63,39.9079,-89.8346,39.9206,-89.8638,15,15,5,M,2092285546193844,0
Target,convenience,946.6,41.6952,-73.1414,41.6649,-73.0931,10,11,3,M,9007201888697731,0
7-Eleven,clothing,597.49,39.4068,-96.2038,39.362899999999996,-96.1683,15,9,10,M,1359820823812423,0
7-Eleven,convenience,464.13,30.4279,-116.5497,30.435200000000002,-116.5038,21,11,5,F,8352379970401217,1
Shell,convenience,210.74,43.9886,-89.266,43.942,-89.30430000000001,16,22,8,M,1316383220819079,0
Kroger,pharmacy,89.17,34.5561,-97.9511,34.509,-97.9311,17,2,7,M,2658887774333432,0
Target,clothing,287.78,45.7249,-67.3068,45.7626,-67.33619999999999,3,3,12,F,2909005943631726,0
CVS,clothing,846.73,45.9209,-99.6805,45.9684,-99.6503,15,2,3,M,2476707479685923,0
Best Buy,convenience,101.8,37.7834,-86.0532,37.8041,-86.0416,23,6,1,F,6004751468607849,0
CVS,electronics,308.23,31.8146,-81.0099,31.840899999999998,-80.987,17,18,12,M,3042212380265742,0
CVS,electronics,589.54,31.886,-66.4594,31.915699999999998,-66.428,22,19,2,F,9122333396097413,0
Walmart,fuel,922.62,41.3455,-74.7314,41.3009,-74.76679999999999,4,28,11,F,7847728284723897,0
Kroger,pharmacy,597.2,33.5797,-111.2004,33.587700000000005,-111.1867,15,29,7,M,2561105081057315,0
Apple Store,clothing,943.32,33.6081,-84.9222,33.657000000000004,-84.94930000000001,10,19,4,F,7132084128952457,1
Kroger,pharmacy,496.44,27.1711,-121.9103,27.2164,-121.8887,22,22,8,F,6879217702159862,0
Walmart,clothing,425.31,34.9336,-93.7136,34.9142,-93.7614,21,27,12,F,6406194391979969,0
CVS,electronics,638.52,29.1102,-92.6003,29.143,-92.6413,23,2,1,M,1979229603982938,0
Walmart,fuel,935.73,35.9724,-77.1091,35.9239,-77.0676,1,31,10,F,1555747689043103,1
Shell,clothing,478.47,31.5209,-82.3762,31.5226,-82.3896,19,2,1,M,8117944716731170,1
Apple Store,convenience,459.32,43.669,-116.2736,43.6256,-116.3201,10,27,10,F,3589159850731890,0
Amazon,convenience,87.45,43.543,-70.6058,43.5511,-70.572,16,10,8,M,9703375495102187,0
Target,clothing,726.1,43.3539,-112.0435,43.3496,-112.03569999999999,22,18,2,M,3555659456278464,0
eBay,fuel,497.5,45.5582,-97.0115,45.5218,-96.9992,12,10,9,F,8121030718066139,0
7-Eleven,grocery,355.63,39.7698,-69.2761,39.7313,-69.279,11,28,3,M,2540105600482493,0
Amazon,fuel,339.84,41.0123,-90.7142,41.043600000000005,-90.7192,10,11,9,M,9393564408312822,0
Apple Store,convenience,59.56,42.7348,-121.1258,42.7711,-121.1567,6,26,12,F,4921446206282485,0
Amazon,clothing,252.65,29.5183,-106.8952,29.485,-106.9251,16,14,1,M,6304953636657703,0
Kroger,clothing,877.05,28.1827,-84.3657,28.2185,-84.37010000000001,9,14,5,M,7933522000668479,0
Target,electronics,223.1,41.2408,-69.4442,41.2192,-69.4763,3,27,5,M,5639024490570573,0
Walmart,electronics,867.63,25.6443,-85.4036,25.6435,-85.37429999999999,14,5,4,F,2654858099454040,0
CVS,convenience,853.2,36.5234,-104.8127,36.5503,-104.7723,18,18,5,F,1422559591975455,0
CVS,pharmacy,239.74,47.8575,-91.607,47.835100000000004,-91.65259999999999,0,4,3,M,3859464412669932,0
Shell,fuel,275.0,32.014,-86.0569,31.9688,-86.0498,19,20,9,F,4538931419573881,1
7-Eleven,clothing,903.0,48.8641,-81.0151,48.8578,-81.0141,18,18,11,F,1402483037564150,0
7-Eleven,fuel,395.93,28.5939,-88.5327,28.634300000000003,-88.48700000000001,12,5,6,F,2431432435339660,0
Best Buy,fuel,124.18,45.165,-72.1414,45.1967,-72.17320000000001,3,20,4,F,6844142712002293,0
Kroger,pharmacy,272.76,27.395,-115.448,27.4239,-115.43539999999999,7,14,12,M,7062213070903537,0
Best Buy,clothing,586.46,32.7666,-112.951,32.7324,-112.96379999999999,15,22,6,F,5963929840050660,0
Best Buy,electronics,263.53,31.5759,-117.847,31.576,-117.80999999999999,21,22,9,F,5905734754756214,0
Best Buy,pharmacy,256.67,37.2168,-84.3807,37.179,-84.3979,0,20,7,F,8862966274019265,0
7-Eleven,clothing,633.21,32.8961,-105.0994,32.904999999999994,-105.1139,4,30,3,F,9280529575174186,0
Apple Store,grocery,422.06,30.3627,-77.1742,30.3885,-77.1643,21,30,8,F,3737934271496193,0
7-Eleven,convenience,439.43,47.858,-111.2979,47.8735,-111.2933,3,10,1,M,1429223836104912,0
Kroger,electronics,948.32,47.3713,-77.0177,47.4146,-77.031,22,8,6,F,2328126280830572,0
eBay,convenience,271.98,35.1496,-100.3246,35.1666,-100.3421,6,2,5,F,3598264555819038,0
eBay,clothing,590.0,41.5734,-82.3013,41.533699999999996,-82.3243,0,16,5,M,7062550442676914,0
7-Eleven,grocery,588.56,40.3563,-99.7664,40.358999999999995,-99.73270000000001,7,17,4,F,8486661347733099,0
Amazon,clothing,418.58,41.698,-114.0336,41.6663,-114.02090000000001,3,20,9,M,9951671632173320,0
Amazon,pharmacy,457.24,47.0091,-103.7508,47.0323,-103.7094,9,13,11,M,7178170277916328,0
Amazon,clothing,721.35,27.9421,-87.7613,27.9562,-87.7198,15,21,4,F,3770376426407442,0
Best Buy,grocery,881.84,28.5232,-94.2793,28.5657,-94.29910000000001,0,12,10,M,6175295686978563,0
Target,clothing,970.9,26.8975,-87.5431,26.897100000000002,-87.5144,7,16,10,F,3892914520893797,0
Target,grocery,223.6,45.3809,-80.0768,45.4008,-80.05380000000001,2,8,9,M,4126385167848373,1
Target,fuel,988.44,42.7024,-96.4797,42.6673,-96.4974,1,3,9,F,9523147369750853,0
Amazon,convenience,518.06,33.3915,-118.8047,33.3665,-118.8329,7,15,2,M,6748438798535825,0
Apple Store,grocery,681.91,31.2253,-114.9691,31.2341,-115.011,11,21,6,M,9283636278766474,0
eBay,convenience,569.86,36.2537,-77.5232,36.2753,-77.5618,11,18,9,M,2890993131933351,0
Shell,grocery,834.95,37.5063,-81.1946,37.4885,-81.22879999999999,7,13,4,F,4667440355615397,0
Amazon,fuel,916.2,26.273,-108.7273,26.3217,-108.7697,10,16,4,F,2510061226343621,0
Walmart,convenience,694.61,33.1162,-70.5624,33.1621,-70.5693,16,19,2,F,4990797490292486,0
Apple Store,electronics,463.08,42.1094,-75.5313,42.1301,-75.4898,16,29,12,F,7719456760372875,0
Target,electronics,923.08,48.4956,-70.3963,48.4842,-70.3587,8,15,9,F,5906569248280919,0
7-Eleven,electronics,389.92,37.3074,-123.8969,37.2916,-123.9278,2,24,5,M,7613220994921844,0
eBay,clothing,486.6,31.4767,-122.9345,31.505300000000002,-122.894,1,17,3,F,1357745618128249,0
eBay,clothing,777.46,37.019,-119.6858,37.0667,-119.6836,16,6,3,M,4967715163246456,1
Amazon,clothing,501.03,47.8004,-70.1167,47.757200000000005,-70.13369999999999,15,8,8,M,7435146933541729,0
Amazon,fuel,179.68,28.1869,-72.5405,28.1781,-72.5757,17,21,6,M,2681366996495614,0
Target,clothing,561.44,42.8027,-108.6863,42.8278,-108.7056,8,3,9,M,7685658448363078,0
Walmart,grocery,794.24,30.6442,-96.7343,30.650000000000002,-96.69460000000001,11,26,1,M,3938392439859571,0
CVS,electronics,835.79,26.9371,-71.7793,26.905900000000003,-71.79920000000001,0,22,10,M,5203366550088360,0
Apple Store,convenience,479.31,36.7076,-109.4715,36.707499999999996,-109.46000000000001,0,26,7,M,6473506794931633,0
Best Buy,convenience,644.22,28.2956,-102.9631,28.3028,-103.0052,16,21,12,M,6534018055594619,0
Target,pharmacy,707.02,46.5251,-117.7956,46.4925,-117.8279,3,15,4,M,4314137347563539,0
7-Eleven,clothing,22.39,37.5818,-103.5711,37.5603,-103.5437,4,21,12,M,8814861414287804,0
Apple Store,clothing,231.75,31.9221,-114.1793,31.9457,-114.1336,1,21,2,M,5671720536603770,0
Walmart,grocery,358.51,29.9639,-111.5402,29.973799999999997,-111.4991,22,28,10,F,8878213574293295,0
Walmart,electronics,760.72,25.8629,-85.7441,25.857499999999998,-85.7119,8,14,1,F,3252094791068048,0
eBay,fuel,708.05,41.792,-107.1585,41.819,-107.1979,15,6,2,M,7201886311737749,0
Best Buy,convenience,918.81,25.4935,-75.6475,25.4955,-75.61569999999999,19,7,7,F,8175425177239109,0
Walmart,electronics,739.22,47.4961,-113.2427,47.4794,-113.22879999999999,21,17,11,M,7488835014078733,0
Shell,electronics,154.64,26.3189,-100.9152,26.2701,-100.9628,15,3,10,F,2047378490347714,0
Amazon,electronics,54.57,45.2899,-103.2227,45.2642,-103.2317,17,24,12,M,4450457126959122,0
Kroger,convenience,560.9,38.1292,-78.2981,38.1241,-78.28750000000001,1,9,12,F,9326542639545732,0
Target,clothing,890.53,43.7371,-75.7444,43.7115,-75.7607,13,6,2,M,9286641533292773,1
Best Buy,fuel,819.49,29.2774,-75.2048,29.2276,-75.2536,16,12,10,F,3907158285920022,0
Target,convenience,643.53,30.7901,-116.8157,30.7806,-116.7693,1,1,12,M,4658051859839792,0
7-Eleven,fuel,194.49,32.4553,-102.4271,32.4381,-102.3865,18,7,7,F,4010143472489333,0
Apple Store,fuel,229.58,43.4774,-67.5747,43.4838,-67.56150000000001,23,5,8,F,8001927252091951,0
Shell,fuel,327.38,48.0256,-117.0912,48.003299999999996,-117.1401,21,20,9,F,5727541807263528,0
Shell,fuel,303.42,27.0061,-77.9423,26.9781,-77.9471,12,9,11,F,9286852358859007,0
CVS,electronics,959.33,40.1085,-75.1704,40.1033,-75.16,3,2,8,F,9803546394625389,0
Target,electronics,944.28,46.5668,-74.6259,46.5794,-74.6301,17,28,1,M,9192037607905673,0
Shell,convenience,345.54,34.0744,-102.2634,34.0669,-102.25760000000001,2,8,7,F,2772264505202500,0
eBay,fuel,347.04,42.6108,-74.6273,42.6549,-74.67370000000001,22,9,7,F,8152314381290652,0
CVS,fuel,876.24,35.6684,-83.5407,35.647999999999996,-83.5869,23,19,12,M,4918422060347358,1
7-Eleven,electronics,94.78,34.6315,-91.9133,34.6428,-91.88000000000001,4,27,9,M,1406046452654658,0
Target,clothing,372.27,43.1725,-93.1921,43.138799999999996,-93.14489999999999,19,16,9,M,8990777552028479,0
7-Eleven,pharmacy,773.38,27.8726,-109.4796,27.8281,-109.45700000000001,10,28,5,F,1147107820601736,1
Kroger,clothing,454.12,44.2261,-124.3923,44.215500000000006,-124.4056,2,11,11,M,2677225483236161,0
CVS,pharmacy,737.18,36.0644,-99.1441,36.0187,-99.15039999999999,2,22,9,M,1034082715221300,0
Target,convenience,747.31,34.805,-120.912,34.8111,-120.8739,23,20,4,F,8020388753217744,0
Best Buy,electronics,950.13,42.0322,-102.3607,42.015600000000006,-102.4105,0,22,1,M,3855973679540108,0
CVS,convenience,547.08,43.4062,-91.4418,43.4127,-91.4583,0,30,10,M,5100080422573559,0
7-Eleven,electronics,192.66,44.8924,-102.402,44.909600000000005,-102.4245,13,6,6,F,5002180134145779,0
Amazon,clothing,294.39,44.4962,-89.3251,44.4668,-89.29520000000001,22,25,1,F,8618014760162453,0
CVS,grocery,253.1,28.2381,-70.6989,28.2217,-70.6708,23,11,5,M,4836458151814469,0
CVS,pharmacy,312.72,42.6988,-118.5266,42.6629,-118.5395,9,8,5,F,8275351318996234,0
Walmart,convenience,196.28,33.3233,-75.4428,33.336600000000004,-75.44550000000001,16,1,1,F,4444458771419586,0
Apple Store,fuel,645.31,43.1901,-105.9044,43.2229,-105.9097,1,26,3,M,7434737114685711,0
Walmart,grocery,459.77,28.7416,-123.2009,28.738999999999997,-123.2475,22,2,4,F,4777897631993030,1
Amazon,convenience,414.17,46.5599,-117.7477,46.5391,-117.7237,18,13,2,F,3873128133616083,0
Shell,pharmacy,436.16,46.2166,-80.3951,46.198299999999996,-80.3993,0,22,3,F,7814148410676835,0
7-Eleven,grocery,190.24,33.4573,-95.9885,33.42509999999999,-96.01310000000001,13,1,9,F,1018517609183806,0
Shell,clothing,589.41,44.8299,-103.344,44.8724,-103.3663,17,25,6,F,5134201196346982,0
CVS,electronics,312.9,35.8036,-70.6066,35.8089,-70.6485,1,27,1,F,9719961509073221,0
Kroger,grocery,330.88,43.7648,-118.0779,43.7511,-118.0307,21,3,4,M,5777136080199094,0
Target,electronics,809.98,30.3532,-104.4087,30.3034,-104.3688,15,27,9,M,7913454961209300,0
eBay,electronics,762.7,38.1997,-90.8776,38.187,-90.8493,10,24,6,F,6786898616301336,0
Kroger,electronics,85.84,48.0493,-115.2895,48.035000000000004,-115.3234,12,17,3,M,3054444672918054,0
eBay,fuel,801.53,47.8061,-86.505,47.7901,-86.4913,6,31,10,F,9038818905886667,0
Shell,grocery,341.97,43.6207,-76.7271,43.5909,-76.68069999999999,9,22,9,F,1962825615047681,0
7-Eleven,electronics,906.76,39.3271,-76.4313,39.3296,-76.4215,13,7,6,M,8183634069750937,0
eBay,grocery,738.2,44.0179,-120.0014,43.990899999999996,-120.0107,17,7,3,M,1322735773500150,0
7-Eleven,pharmacy,954.15,34.3872,-118.6979,34.385,-118.7312,22,29,3,F,2202005549036400,0
7-Eleven,convenience,739.08,38.8767,-102.3244,38.8591,-102.368,20,22,7,M,6323422525440688,0
eBay,grocery,905.92,34.6843,-98.3583,34.6681,-98.3264,13,28,3,F,3540081201075638,1
Amazon,clothing,878.28,40.9402,-110.1204,40.970099999999995,-110.0772,5,27,7,M,6475684949398648,0
Kroger,grocery,67.94,45.4754,-117.6998,45.481700000000004,-117.65849999999999,7,22,3,M,3964677529808656,0
Shell,pharmacy,965.38,42.2969,-82.989,42.3042,-83.007,5,25,6,M,1471754659818736,0
Walmart,clothing,274.07,33.6793,-123.1921,33.674,-123.2025,19,23,7,M,4708303317523677,0
CVS,grocery,990.34,34.726,-76.0383,34.7365,-76.08210000000001,23,17,8,M,4751204757058668,0
Shell,convenience,492.78,30.1199,-77.4758,30.0779,-77.4608,0,16,12,M,1375702776259521,0
CVS,convenience,787.09,35.8826,-101.1876,35.901199999999996,-101.22670000000001,8,19,1,F,1884982721421635,0
CVS,clothing,374.58,43.4115,-78.837,43.3732,-78.8627,3,6,7,F,2290508299833959,0
Kroger,grocery,270.05,28.0332,-75.0372,28.020500000000002,-75.0774,2,15,7,F,6346281619631755,0
Amazon,convenience,234.64,30.2617,-82.0488,30.294500000000003,-82.0593,1,7,8,M,4954071368724112,0
CVS,clothing,487.11,40.4156,-80.1865,40.4385,-80.179,15,22,3,F,8560015244690139,1
CVS,convenience,537.65,45.2493,-72.7585,45.2354,-72.8042,16,5,12,F,5449465833468357,0
Kroger,grocery,596.27,31.6806,-121.1818,31.702099999999998,-121.20429999999999,5,14,12,M,1219077249850662,0
Amazon,clothing,273.8,27.2437,-78.3448,27.2367,-78.3233,1,29,4,M,8715777331038388,0
Kroger,electronics,63.12,44.3593,-85.0843,44.3589,-85.0701,17,8,6,F,7889808338344828,0
7-Eleven,pharmacy,75.5,27.8296,-118.0571,27.7869,-118.1011,11,25,4,M,3451105311347177,0
Amazon,convenience,351.72,40.8493,-123.6507,40.8033,-123.6558,18,26,5,M,4730798029737180,0
Walmart,electronics,666.75,37.5413,-85.3611,37.519,-85.33449999999999,10,10,1,M,8800244886558156,0
7-Eleven,electronics,716.71,36.0103,-119.2194,35.9943,-119.1762,9,3,1,F,2985630168548242,0
Target,convenience,999.79,39.6523,-99.0797,39.6815,-99.061,12,26,10,M,1298575193155069,0
eBay,fuel,742.27,32.4941,-100.32,32.5028,-100.31479999999999,3,1,11,F,6548705934557508,1
Amazon,convenience,546.03,47.5144,-96.4412,47.544000000000004,-96.4491,1,6,12,M,8359055096464846,0
Walmart,convenience,109.86,46.9446,-76.9389,46.9016,-76.938,12,28,8,F,3462834333561739,0
Walmart,grocery,293.1,32.2348,-114.0306,32.28,-114.0412,6,8,1,F,1643990310208784,0
Apple Store,fuel,250.38,35.2914,-111.8972,35.2853,-111.9384,15,11,11,F,6064574588886796,0
Target,electronics,68.82,43.1338,-66.2051,43.1582,-66.2192,1,12,1,M,8527623965260860,1
Kroger,convenience,567.55,45.1196,-97.4782,45.1286,-97.4821,12,23,9,F,3092298963785430,0
Shell,pharmacy,711.23,29.537,-115.8631,29.505399999999998,-115.8938,16,16,4,F,8880174157012290,0
eBay,pharmacy,667.54,34.2319,-87.6051,34.259800000000006,-87.58789999999999,6,12,6,M,2778277515555822,1
Walmart,fuel,706.75,28.3394,-74.5124,28.344900000000003,-74.514,10,13,9,M,8872491706192699,0
CVS,fuel,764.86,48.6843,-118.802,48.6408,-118.771,7,10,10,M,7328151904195894,0
Best Buy,electronics,43.7,45.6388,-103.8526,45.6617,-103.82499999999999,20,27,4,F,1990092382923422,1
Target,clothing,461.72,34.1654,-117.3274,34.1783,-117.2897,8,15,7,F,4125177316383583,0
eBay,clothing,165.4,29.492,-122.3481,29.4933,-122.3135,10,8,6,M,8534565554638017,1
Best Buy,pharmacy,987.91,38.2427,-74.4169,38.260799999999996,-74.4018,9,13,7,M,9903014376489495,1
Target,clothing,17.01,26.7882,-111.5821,26.8185,-111.63119999999999,4,26,4,F,2254227698392833,1
Target,clothing,86.39,40.8925,-101.1389,40.9296,-101.1183,11,20,3,F,5772915981833819,1
Walmart,convenience,569.46,39.2402,-116.1331,39.237,-116.1171,12,4,10,M,3715192869637292,1
Kroger,electronics,367.24,25.6841,-72.2831,25.707,-72.244,13,11,9,F,1559521618727396,1
Kroger,clothing,916.07,37.9974,-75.4816,37.994,-75.4392,11,23,11,M,4606072654934765,0
Kroger,electronics,691.99,40.6006,-110.4601,40.5668,-110.4641,20,17,7,F,6566891989037043,0
Target,fuel,831.49,34.8493,-120.2332,34.8265,-120.26469999999999,17,10,9,M,6608417215326145,1
Apple Store,grocery,957.27,45.5112,-71.2375,45.5064,-71.2494,23,29,9,F,9835856189737192,0
eBay,pharmacy,736.16,42.6494,-123.2581,42.603,-123.2367,8,9,11,M,4109078819097511,0
Apple Store,grocery,972.45,32.0942,-88.0092,32.0573,-87.998,16,21,5,M,2904763815046363,0
Best Buy,pharmacy,54.3,42.1034,-66.5877,42.1181,-66.5716,23,21,12,F,3804321599427699,0
Best Buy,convenience,681.84,30.4455,-113.2052,30.426399999999997,-113.1658,4,2,1,F,3709709204554846,0
eBay,fuel,582.88,42.9975,-81.6918,42.9853,-81.6572,13,17,7,F,1920952625864358,0
Best Buy,electronics,410.52,46.1916,-94.4775,46.181000000000004,-94.5077,10,5,11,F,2954515312200569,0
Target,convenience,721.78,41.3454,-79.7604,41.346799999999995,-79.8075,14,19,8,M,1646636860653647,0
Target,electronics,557.75,45.2023,-112.4738,45.1728,-112.5078,8,26,9,M,4883349564640161,1
Shell,convenience,934.28,35.4614,-98.6595,35.4518,-98.68839999999999,23,1,2,F,1799139959935222,0
Best Buy,fuel,412.49,32.6817,-85.3956,32.65,-85.3858,22,8,10,F,4408358446346887,0
Target,electronics,556.58,43.7185,-107.5993,43.6999,-107.6457,7,29,9,F,3654326791820354,0
Apple Store,convenience,324.81,44.8867,-95.6807,44.8788,-95.7219,3,1,9,F,1257234252282682,0
Amazon,pharmacy,750.86,36.6015,-86.3267,36.5717,-86.3479,19,6,12,F,8465599063735724,0
Walmart,fuel,316.41,33.8407,-76.8511,33.7979,-76.8638,5,24,7,M,3263122707963542,0
Best Buy,grocery,606.62,42.4727,-103.0041,42.5183,-103.01379999999999,12,16,4,M,6449850326585207,0
Amazon,grocery,375.05,41.1274,-88.4338,41.1454,-88.456,13,21,5,M,1507914859013212,0
7-Eleven,pharmacy,158.72,38.1374,-100.8562,38.1757,-100.813,17,18,12,F,2478413949827389,0
Shell,fuel,916.47,32.9725,-109.1304,32.9344,-109.1177,11,12,3,M,2318613114389125,0
Amazon,electronics,793.55,45.4623,-91.1219,45.436099999999996,-91.0821,9,15,3,M,7328985709319480,0
Shell,pharmacy,522.02,32.1767,-102.5593,32.1774,-102.5218,5,12,1,M,2275617911528428,0
eBay,pharmacy,423.76,37.2821,-116.1456,37.2345,-116.1836,12,9,5,F,6950247473521422,0
eBay,fuel,762.96,34.3355,-81.5447,34.3429,-81.54180000000001,7,1,2,M,3373729930069479,0
eBay,pharmacy,386.08,30.0902,-98.2217,30.1048,-98.20179999999999,10,11,2,M,2871269772198247,0
Apple Store,fuel,172.62,45.9038,-89.6206,45.8704,-89.6575,7,10,10,F,3316762459847739,0
Apple Store,electronics,477.11,26.492,-88.6984,26.517500000000002,-88.7133,14,31,10,F,1275469170173881,0
eBay,convenience,843.39,30.8035,-115.3016,30.8227,-115.29329999999999,6,8,10,M,7829004760218962,0
Amazon,pharmacy,519.98,40.4963,-95.4551,40.4606,-95.4391,0,24,3,F,2135350264933819,0
Shell,convenience,684.13,25.6196,-108.8383,25.586799999999997,-108.801,23,22,4,F,5775149695689828,1
Amazon,fuel,439.34,30.9108,-102.3331,30.926799999999997,-102.33630000000001,12,27,2,F,6226234092793299,0
eBay,fuel,823.17,41.3129,-77.4627,41.3405,-77.4253,15,29,10,M,8792244794260977,0
Shell,pharmacy,484.45,29.0259,-101.7106,29.0365,-101.7183,23,11,10,F,7379967062594295,0
Best Buy,clothing,14.66,32.755,-80.5015,32.743700000000004,-80.5067,14,8,5,M,5857219466640987,0
CVS,pharmacy,363.07,38.3325,-93.2936,38.343,-93.3149,10,19,6,F,1700105361380328,0
Kroger,electronics,488.92,38.8981,-104.827,38.9157,-104.876,8,1,5,M,2104149418478872,0
Amazon,pharmacy,352.39,28.816,-100.1848,28.7802,-100.1644,2,14,5,M,9948326770675590,0
Kroger,electronics,40.98,28.8539,-94.2779,28.860699999999998,-94.2595,20,14,8,F,5832067129720680,0
Shell,electronics,92.78,34.1862,-93.8735,34.2222,-93.89320000000001,9,19,5,F,2892798430730219,0
Kroger,pharmacy,816.24,42.8902,-88.1949,42.9127,-88.1472,15,6,10,F,5903259171825360,0
Apple Store,convenience,181.7,26.8276,-100.4786,26.8762,-100.4583,22,23,10,F,5767660089404870,0
Target,grocery,818.49,45.0588,-68.1711,45.0721,-68.19109999999999,7,13,3,F,2145808208971926,0
Target,clothing,325.7,27.0669,-70.1417,27.0457,-70.1164,7,7,10,F,4202393163517844,0
Target,pharmacy,60.55,29.7664,-94.449,29.756,-94.4202,11,13,7,M,5036249768451511,0
Kroger,electronics,306.26,29.7604,-80.464,29.7951,-80.4185,22,9,11,F,3093558241154421,0
Best Buy,clothing,103.47,25.9234,-97.6599,25.8927,-97.69309999999999,3,25,2,F,3874715451278501,0
Best Buy,fuel,150.55,47.6634,-123.6994,47.6693,-123.713,21,12,9,F,2324601910262965,0
Apple Store,fuel,27.22,28.2593,-100.994,28.2758,-100.9671,20,16,5,M,6745910764280925,1
Walmart,pharmacy,791.19,25.6016,-96.4981,25.6005,-96.47349999999999,23,22,6,F,5845386446618300,0
Apple Store,grocery,239.24,35.523,-87.9545,35.533300000000004,-87.946,20,19,8,M,6727075664384773,0
7-Eleven,clothing,400.77,44.0954,-99.4616,44.0524,-99.4818,2,11,8,M,1098569934315542,0
Target,clothing,950.59,44.6437,-110.0301,44.628600000000006,-110.02720000000001,2,27,11,M,2773095786931627,0
Walmart,grocery,322.77,43.6546,-72.0225,43.694300000000005,-71.97489999999999,21,24,5,F,1245016285806114,0
Apple Store,fuel,307.28,45.9887,-74.7593,46.0246,-74.78739999999999,20,13,11,M,7497288505167331,0
Amazon,electronics,240.46,41.5894,-121.4694,41.6275,-121.5135,6,21,12,F,5545088682585309,1
Kroger,fuel,60.86,42.8607,-104.7126,42.8737,-104.74279999999999,5,15,10,F,5056722794510090,0
CVS,clothing,260.15,29.6602,-92.3299,29.6498,-92.2944,17,9,8,M,1290607797739251,0
Best Buy,fuel,718.92,37.4275,-68.8533,37.4667,-68.8632,20,28,6,M,3209672416090381,0
CVS,clothing,987.06,30.605,-69.8105,30.6247,-69.77420000000001,17,15,9,F,8338298960429494,0
Amazon,fuel,844.08,26.4946,-75.1276,26.529999999999998,-75.0873,14,1,3,F,6100736670965362,0
Apple Store,convenience,374.94,35.2841,-109.8233,35.2687,-109.8683,12,28,6,F,7380551241682627,0
7-Eleven,grocery,434.97,36.8823,-97.2125,36.8611,-97.2214,18,6,8,F,7482674172224541,0
Target,grocery,492.88,40.3734,-69.2478,40.349399999999996,-69.2814,11,8,8,M,1206080083081281,0
CVS,clothing,432.63,40.5867,-98.0521,40.6134,-98.0484,19,25,6,F,8638808416430589,0
Apple Store,fuel,245.32,40.1143,-92.9993,40.0877,-93.0252,23,26,7,M,4091159320108169,0
Best Buy,fuel,760.9,29.9368,-124.1545,29.9542,-124.14659999999999,0,21,11,F,1152553273774163,0
CVS,pharmacy,353.65,48.7153,-95.5781,48.7009,-95.5809,11,31,12,F,4105569189554723,1
CVS,clothing,917.59,25.2791,-115.6336,25.3167,-115.6264,5,16,2,M,1785336334901283,0
Apple Store,clothing,175.09,41.0425,-116.0419,41.065999999999995,-116.0857,7,24,5,M,5649391616594425,0
Walmart,grocery,709.84,38.3565,-102.6386,38.4004,-102.6107,7,18,5,M,3822371630788662,0
Amazon,convenience,522.27,35.6369,-119.9194,35.6224,-119.8905,11,26,7,F,9173105390265680,0
Best Buy,fuel,906.68,39.5508,-93.9876,39.5319,-93.9451,15,24,5,M,3291348365324645,0
Walmart,fuel,421.76,44.0726,-110.505,44.104,-110.5131,21,1,5,M,1768294209694469,0
Walmart,fuel,380.88,27.9791,-80.2243,28.006899999999998,-80.216,23,18,10,F,4148335600024077,0
Kroger,pharmacy,516.92,30.1236,-121.7121,30.1184,-121.69340000000001,22,25,4,M,3190888806645741,0
Amazon,clothing,624.11,29.4991,-70.9444,29.4591,-70.9324,22,21,8,F,4709646253961518,0
eBay,pharmacy,773.25,33.6462,-73.9126,33.6059,-73.93599999999999,19,23,1,F,6404639389937203,0
CVS,convenience,424.66,41.7898,-103.4221,41.752,-103.4474,7,5,10,F,6536933200235754,0
eBay,convenience,147.93,37.1244,-100.9892,37.0817,-101.0373,15,15,2,F,5726929043312327,0
Amazon,electronics,964.81,36.7674,-92.7732,36.7259,-92.8144,7,18,7,M,9992988683570722,0
Target,convenience,70.63,40.8777,-89.1298,40.8794,-89.1005,16,4,3,M,6115769812782006,0
Apple Store,electronics,220.18,26.6494,-95.0452,26.662,-95.02159999999999,10,21,7,F,8547988154515275,0
Walmart,fuel,667.36,48.1403,-118.3429,48.1073,-118.3518,2,12,2,M,5791231985453389,0
Apple Store,fuel,97.73,43.97,-76.6669,43.98,-76.62819999999999,14,22,12,M,2048765202734922,0
7-Eleven,fuel,668.76,42.0907,-82.1546,42.0946,-82.1806,15,31,2,F,3093270679820912,0
Amazon,electronics,844.47,32.0927,-83.7766,32.1009,-83.74680000000001,20,5,10,F,8786793296217071,0
Apple Store,clothing,165.56,37.562,-78.4006,37.6087,-78.3519,14,30,8,F,6562629781934966,0
7-Eleven,convenience,999.57,26.3552,-93.8837,26.4032,-93.88680000000001,11,31,11,F,2559050514942213,0
Walmart,grocery,844.34,43.295,-69.6556,43.3209,-69.60640000000001,3,27,12,F,7829284223602382,0
7-Eleven,electronics,829.96,29.5657,-73.3709,29.5681,-73.4197,4,28,8,F,2168718738788410,1
Kroger,grocery,374.95,42.7289,-89.779,42.710800000000006,-89.74969999999999,9,9,6,M,2226733040313301,0
Best Buy,grocery,801.25,48.4913,-80.4038,48.5255,-80.4182,22,10,5,M,5473695342962516,0
eBay,grocery,445.15,31.794,-85.4302,31.786,-85.4766,19,26,11,M,6023975752329153,0
Target,pharmacy,97.65,45.6376,-78.6668,45.6242,-78.6227,21,16,7,F,2206393231780425,0
7-Eleven,clothing,525.36,34.2357,-107.3933,34.2436,-107.4048,19,26,9,F,3808605606899532,0
CVS,grocery,59.71,37.2637,-96.2592,37.2971,-96.2219,11,12,2,F,2670781001668914,0
Shell,electronics,190.77,33.8861,-119.9831,33.8486,-119.97409999999999,9,29,4,F,9380140007918039,0
Apple Store,fuel,85.16,36.6792,-69.4639,36.719300000000004,-69.4456,14,22,12,F,1644764088628108,0
CVS,grocery,694.56,37.7048,-106.5724,37.742,-106.5447,0,17,10,M,2460362002087999,0
eBay,grocery,921.92,30.031,-97.8236,30.076999999999998,-97.7936,23,6,6,M,1743290690074839,0
CVS,clothing,332.1,47.895,-98.7269,47.9418,-98.711,6,26,6,F,6712340867985427,0
Target,pharmacy,733.02,37.2008,-120.1465,37.210300000000004,-120.1725,19,23,11,F,8255550715616310,1
Kroger,fuel,789.44,35.2976,-96.1904,35.3153,-96.15169999999999,18,13,3,M,2543016498997324,0
eBay,pharmacy,105.52,47.2986,-124.9498,47.301700000000004,-124.97699999999999,18,13,3,F,2415151195386957,0
Shell,electronics,578.97,31.4206,-114.768,31.3714,-114.8013,13,28,10,F,8279651345463145,0
Target,convenience,776.63,47.2533,-100.8725,47.2608,-100.8691,12,5,2,F,1136918388902784,1
7-Eleven,fuel,59.11,31.4346,-98.8939,31.4029,-98.8862,19,24,8,M,1234789636174852,0
Walmart,convenience,488.94,47.4678,-87.8035,47.4627,-87.7865,5,4,10,M,4441621654638122,0
eBay,electronics,38.2,36.1227,-112.0001,36.1002,-111.9715,15,18,1,F,3263251950011324,0
Kroger,fuel,890.82,44.9619,-69.1735,44.9823,-69.18050000000001,5,10,1,M,3454255018206219,0
Walmart,convenience,693.31,33.7146,-90.6654,33.7151,-90.7072,7,28,12,F,7054850807257488,1
Best Buy,electronics,481.18,39.42,-90.6256,39.3906,-90.65490000000001,4,10,2,F,5071719849209398,1
Target,clothing,602.51,41.9321,-98.6565,41.9745,-98.6168,10,25,10,M,9237634336270482,0
Best Buy,electronics,778.57,36.4457,-80.3641,36.4322,-80.33609999999999,8,31,5,F,2205513139530103,0
Amazon,convenience,383.92,28.5326,-73.8059,28.5703,-73.7774,18,9,1,M,6021605403439081,0
Amazon,pharmacy,914.23,46.846,-102.9406,46.89319999999999,-102.9788,23,22,12,F,3073027362636949,0
7-Eleven,clothing,630.64,43.2212,-113.8147,43.1993,-113.7649,23,10,4,M,1151942004825805,0
Target,convenience,794.95,30.4354,-99.2542,30.443,-99.23179999999999,15,5,2,M,4930892968207655,0
Apple Store,fuel,327.64,34.4276,-101.4926,34.4278,-101.46459999999999,10,16,2,M,5332828425203509,0
7-Eleven,electronics,910.53,34.1937,-107.5325,34.1469,-107.5442,18,2,10,F,8244728390820282,0
Amazon,clothing,756.38,38.1641,-70.6107,38.186299999999996,-70.64219999999999,10,22,5,M,5155324676147512,0
Apple Store,electronics,167.73,30.1713,-103.0069,30.186,-102.9612,5,10,2,M,7297752602351748,1
7-Eleven,pharmacy,337.0,48.1986,-106.7235,48.1918,-106.6958,15,5,4,M,9172936283501393,0
eBay,electronics,355.13,46.6982,-115.8645,46.669,-115.8615,13,20,12,M,5989206913783010,0
Kroger,clothing,239.44,41.8194,-107.6997,41.8639,-107.7398,23,3,3,F,9682308576124520,0
7-Eleven,fuel,309.97,47.0278,-85.3396,47.0525,-85.3532,14,9,11,M,4257266270321613,0
eBay,convenience,610.58,48.5014,-96.5459,48.455299999999994,-96.59060000000001,9,25,1,M,8122497303967256,1
Apple Store,clothing,566.45,36.9093,-108.1409,36.8876,-108.168,16,15,7,F,6171631554293092,0
Best Buy,clothing,288.13,48.0397,-91.2982,48.0309,-91.3368,12,16,1,F,9858051975790360,0
CVS,electronics,111.1,34.1117,-88.1369,34.1469,-88.1082,19,31,3,F,2860305201743520,0
Target,fuel,687.5,48.1957,-94.8466,48.221700000000006,-94.87689999999999,23,16,11,F,9606779491575856,0
CVS,electronics,917.8,37.7235,-114.8295,37.6864,-114.79729999999999,7,31,3,M,9224298301441331,0
Amazon,electronics,202.45,29.9643,-123.0444,29.9692,-123.0777,5,3,5,M,7239666865122772,0
Walmart,clothing,192.27,46.0564,-102.3361,46.048899999999996,-102.3433,12,31,11,F,2263422841858970,0
Amazon,fuel,989.75,48.4344,-103.5289,48.48,-103.5572,13,9,8,M,4535588084630539,0
Apple Store,grocery,163.35,46.3074,-71.502,46.2871,-71.496,6,19,6,M,5596184246616797,0
Shell,fuel,930.35,41.514,-117.1398,41.5551,-117.13029999999999,11,15,1,M,5562500118284959,0
CVS,fuel,165.19,31.8538,-74.4097,31.8371,-74.3951,9,1,11,F,5644526917958723,0
Kroger,clothing,608.9,37.223,-98.6043,37.2271,-98.56049999999999,8,26,2,M,3136827343398644,0
Walmart,fuel,566.96,38.2111,-91.5466,38.1969,-91.59609999999999,8,14,3,F,2145881081907452,0
Apple Store,convenience,603.99,45.6766,-79.3618,45.7205,-79.3305,21,19,11,M,8794412930090421,1
Best Buy,convenience,73.75,48.846,-120.2584,48.8458,-120.2734,3,25,2,F,1548809964029179,0
eBay,clothing,864.72,32.9534,-101.7042,32.9504,-101.6747,23,1,5,M,7096595017673891,0
CVS,electronics,661.24,30.0308,-121.5083,29.9881,-121.506,9,27,7,F,6914812340437242,0
CVS,pharmacy,958.91,37.1442,-76.7209,37.1742,-76.7021,16,14,9,M,4500792466348338,0
Shell,convenience,202.84,42.3312,-109.1589,42.326800000000006,-109.1219,18,8,5,F,2497919926590277,0
Target,grocery,391.63,45.0127,-102.1918,44.987,-102.216,16,22,11,F,5865672926166130,1
Shell,electronics,522.8,29.3405,-68.6007,29.3692,-68.61330000000001,22,24,3,F,7695152205100359,0
Best Buy,pharmacy,961.35,29.0333,-123.097,29.0424,-123.13289999999999,12,15,10,M,6311047286032108,1
CVS,fuel,866.55,36.0812,-98.3808,36.1052,-98.425,1,31,5,M,3256160494363684,0
Shell,fuel,63.42,48.3875,-100.8469,48.4236,-100.81410000000001,6,29,11,F,7604655079832901,0
Apple Store,convenience,367.92,43.7072,-101.197,43.7044,-101.165,19,29,5,F,6376902041578006,0
CVS,fuel,729.66,45.7833,-109.7248,45.8075,-109.7334,8,26,9,M,1181157526624158,0
Kroger,fuel,956.93,43.7321,-73.5854,43.7451,-73.6273,7,20,3,F,8428014892178003,0
Apple Store,fuel,595.47,32.7224,-120.0668,32.6869,-120.0993,9,19,11,M,3634976946841569,0
Best Buy,fuel,841.36,44.5375,-78.3942,44.5265,-78.4401,5,20,6,M,4487229052834550,0
Amazon,convenience,335.77,27.0115,-109.567,27.0589,-109.53649999999999,11,20,8,M,7717519248097436,0
7-Eleven,electronics,825.26,46.9044,-99.3976,46.855900000000005,-99.4057,8,28,12,M,4695929239334000,0
Kroger,fuel,317.36,42.3538,-70.6689,42.3531,-70.69099999999999,10,18,4,F,1628573075947373,0
Shell,convenience,947.76,26.3512,-104.897,26.3117,-104.90190000000001,6,24,8,F,2283797612852171,0
eBay,clothing,688.98,44.4994,-118.0939,44.4702,-118.1032,7,4,12,M,2419166126585244,0
Walmart,convenience,397.66,48.8689,-70.1817,48.831999999999994,-70.1829,7,14,5,F,4836031100245029,0
Best Buy,clothing,258.74,40.6608,-99.1633,40.663000000000004,-99.1953,14,16,3,F,1960785599636119,0
Target,electronics,319.36,28.824,-96.9005,28.8384,-96.9112,4,25,1,F,8571031187685997,0
eBay,convenience,21.36,43.9425,-112.2491,43.9224,-112.2173,14,25,1,M,8215304826451948,0
CVS,electronics,544.56,47.6817,-122.5427,47.675399999999996,-122.497,15,19,5,M,3181823597729929,0
Walmart,fuel,938.46,45.4366,-98.5531,45.4325,-98.5742,6,22,10,F,7247474163446701,1
Shell,pharmacy,704.44,47.125,-70.6169,47.1688,-70.5925,14,11,6,F,7863150526973362,0
